no_speech_flag,wpm_total,wpm_speech,speech_ratio,ttr100,filler_per100,repeat_per100,words_per_sentence,mean_word_len,pause_gt05_per_min,pause_gt1_per_min,mean_gap,max_gap,mean_word_prob,low_conf_frac,avg_logprob,max_no_speech_prob,cola_mean_p1,cola_min_p1,cola_frac_p1_gt_half
0.0,94.20183569629825,116.54445685427086,0.8082910010391123,0.6631578947368421,0.0,1.0526315789473684,13.571428571428571,4.178947368421053,7.3607025381644755,4.907135025442984,0.13138297872340426,2.8200000000000003,0.8433473684210526,0.10526315789473684,-0.33290900028588477,0.4755859375,0.6803519,0.16877018,0.5714285714285714
0.0,104.86945937088728,110.49009151604902,0.9491299892321536,0.47,0.0,0.0,21.0,4.4,2.104573171734267,1.0522865858671335,0.02769230769230769,1.0200000000000005,0.9184095238095238,0.02857142857142857,-0.19545374567453555,0.221923828125,0.49084806,0.077868454,0.4
0.0,145.818486363329,159.24956369982547,0.915660193821233,0.57,0.0,0.0,13.272727272727273,4.0,0.0,0.0,0.015586206896551776,0.480000000000004,0.9241849315068492,0.02054794520547945,-0.1920671271317002,0.05889892578125,0.9101765,0.31325886,0.9090909090909092
0.0,141.1451398135819,144.79555596029505,0.9747891699955614,0.41,0.0,1.8867924528301887,35.333333333333336,3.6132075471698113,1.3659958109461798,0.0,0.02076190476190478,0.8399999999999999,0.8830754716981132,0.05660377358490566,-0.1747159710833551,0.1505126953125,0.4597735,0.10474317,0.3333333333333333
0.0,104.63576158940397,111.1945200337806,0.9410154525386314,0.5569620253164557,0.0,3.7974683544303796,19.75,3.848101265822785,1.4075255700478557,0.0,0.03641025641025633,0.7600000000000016,0.9327215189873416,0.0379746835443038,-0.1779373029480765,0.07708740234375,0.33169436,0.08318633,0.25
0.0,103.87070261497406,135.32269257460095,0.7675778588111674,0.64,0.0,0.0,34.666666666666664,3.9134615384615383,2.6023594725884798,2.6023594725884798,0.07815533980582536,4.970000000000006,0.8295576923076923,0.10576923076923077,-0.37124998748302457,0.1204833984375,0.81836176,0.6100301,1.0
0.0,85.12269938650307,123.77341659232827,0.6877300613496933,0.6351351351351351,0.0,1.3513513513513513,37.0,3.5675675675675675,10.035682426404996,6.6904549509366635,0.20369863013698644,6.619999999999999,0.7287297297297297,0.2972972972972973,-0.501392036748655,0.156494140625,0.56347555,0.31618354,0.5
0.0,127.84086475689116,134.27820547144347,0.9520596757161658,0.64,0.0,0.78125,12.8,4.9296875,1.0490484802456521,1.0490484802456521,0.06204724409448824,3.5600000000000023,0.9549140625,0.0234375,-0.2538121717081783,0.09661865234375,0.9204353,0.72812474,1.0
0.0,116.85454044184583,132.6330108827086,0.8810366262829081,0.62,0.0,0.0,16.714285714285715,4.162393162393163,3.400846432889964,3.400846432889964,0.06086206896551721,2.3900000000000006,0.9544017094017094,0.017094017094017096,-0.19324723304042252,0.2218017578125,0.8571272,0.29025558,0.8571428571428571
0.0,110.86199990636655,130.078125,0.8522724317126077,0.57,0.0,0.0,15.857142857142858,4.333333333333333,1.171875,1.171875,0.023454545454545454,1.1200000000000045,0.9478108108108109,0.02702702702702703,-0.17842878158546743,0.046905517578125,0.8647428,0.33707216,0.8571428571428571
0.0,114.8570269300194,185.27126969556102,0.619939762483159,0.73,0.0,0.0,23.0,4.973913043478261,0.0,0.0,0.01070175438596481,0.1999999999999993,0.9084782608695652,0.034782608695652174,-0.20993655158669486,0.1224365234375,0.81707686,0.16451691,0.8
0.0,108.86448639454012,111.9351494982494,0.9725674811042504,0.58,0.0,0.0,18.166666666666668,3.871559633027523,3.080783931144479,2.0538559540963193,0.046422018348623854,1.6000000000000014,0.8848,0.01818181818181818,-0.28786231562819176,0.1334228515625,0.7566209,0.23190019,0.8333333333333334
0.0,71.91048642575127,93.89122907585329,0.7658914164139431,0.6944444444444444,0.0,0.0,24.0,5.361111111111111,3.9121345448272202,3.9121345448272202,0.22957746478873237,10.840000000000003,0.8696805555555556,0.06944444444444445,-0.3310389606710534,0.050262451171875,0.4140283,0.08651728,0.3333333333333333
0.0,99.87567559132121,145.25492996745382,0.6875888867503472,0.57,1.0,0.0,12.5,3.81,10.167845097721766,8.715295798047228,0.17626262626262607,4.169999999999998,0.9273499999999999,0.01,-0.24332266195177574,0.052459716796875,0.87650436,0.52639663,1.0
0.0,129.83837826871758,132.48477964320406,0.9800248648817357,0.55,0.0,0.0,7.647058823529412,3.8923076923076922,3.057341068689324,0.0,0.03193798449612394,0.8799999999999955,0.878876923076923,0.08461538461538462,-0.26314110968872884,0.298828125,0.6139503,0.16081958,0.5555555555555556
0.0,110.51930758988016,117.54154078549848,0.9402574345317355,0.5542168674698795,0.0,1.2048192771084338,16.6,3.566265060240964,1.4161631419939575,0.0,0.022682926829268275,0.5999999999999979,0.9546144578313254,0.024096385542168676,-0.17529476293780402,0.1885986328125,0.77130723,0.37927726,0.8
0.0,117.5639395223965,134.6990318507086,0.8727897885167915,0.6538461538461539,0.0,0.0,26.0,3.9038461538461537,5.180731994258022,2.590365997129011,0.05686274509803922,2.1799999999999997,0.9780192307692309,0.0,-0.13578869662587606,0.0025272369384765625,0.9497491,0.9205267,1.0
0.0,52.929427430093206,104.05759162303666,0.5086551264980027,0.7924528301886793,0.0,0.0,26.5,3.8679245283018866,7.853403141361257,7.853403141361257,0.17384615384615362,2.599999999999998,0.7099056603773584,0.24528301886792453,-0.5311072814532403,0.07275390625,0.53148836,0.14142069,0.5
0.0,100.87443234723443,104.11890344410642,0.9688387892155078,0.53,0.0,0.0,50.5,4.069306930693069,1.0308802321198656,0.0,0.029599999999999963,0.6000000000000005,0.8730495049504952,0.04950495049504951,-0.28486383086756084,0.41796875,0.10846524,0.06524246,0.0
0.0,131.8156049773442,138.6178530530668,0.9509280520084342,0.67,0.0,0.0,20.2,3.702970297029703,2.7449079812488475,1.3724539906244237,0.034400000000000014,1.7199999999999989,0.965108910891089,0.0297029702970297,-0.17394803434610367,0.157958984375,0.85974437,0.57984906,1.0
0.0,138.13813813813812,146.68367346938777,0.9417417417417416,0.6521739130434783,0.0,0.0,23.0,4.184782608695652,3.188775510204082,1.594387755102041,0.02703296703296702,1.4800000000000004,0.9626086956521738,0.010869565217391304,-0.16330295156054442,0.252685546875,0.8553175,0.61461896,1.0
0.0,134.63076512929885,140.36875752802743,0.9591220119079356,0.58,0.0,0.0,16.833333333333332,4.069306930693069,2.7795793569906424,0.0,0.02659999999999999,0.6800000000000015,0.9613663366336634,0.0297029702970297,-0.15350737000740042,0.060791015625,0.7443916,0.3611215,0.6666666666666666
0.0,103.86151797603196,108.04321728691475,0.9612960497114957,0.5641025641025641,0.0,0.0,11.142857142857142,4.333333333333333,6.925847261981715,1.385169452396343,0.07333333333333339,1.1400000000000006,0.9691645569620251,0.0,-0.2061160659379389,0.333740234375,0.86513835,0.57500947,1.0
0.0,108.93854748603353,122.3849372384937,0.8901303538175047,0.6025641025641025,8.974358974358974,1.2820512820512822,19.5,3.7564102564102564,1.5690376569037654,1.5690376569037654,0.06025974025974027,2.240000000000002,0.9279999999999998,0.038461538461538464,-0.1531348906512439,0.2783203125,0.40407768,0.17048298,0.5
0.0,118.8415446071904,128.15910396323952,0.9272969374167777,0.54,0.0,0.8403361344537815,9.916666666666666,4.050420168067227,5.38483630097645,2.15393452039058,0.05788135593220336,1.7300000000000004,0.8847563025210083,0.058823529411764705,-0.2867316813351904,0.11566162109375,0.902329,0.12788506,0.9166666666666666
0.0,105.86821612680049,107.96736788161786,0.9805575351515561,0.62,3.7735849056603774,0.0,21.2,4.160377358490566,2.037120148709771,1.0185600743548855,0.04266666666666668,2.9400000000000013,0.9357547169811321,0.04716981132075472,-0.2181412288475604,0.137939453125,0.6818908,0.37359267,0.6
0.0,113.85827017410618,128.50696372942616,0.8860085622584386,0.72,0.0,0.0,12.666666666666666,3.991228070175439,5.636270339009919,5.636270339009919,0.1167256637168141,5.12,0.9265789473684211,0.02631578947368421,-0.19847847801532187,0.1768798828125,0.8462369,0.49819112,0.8888888888888888
0.0,143.82097285150255,145.8014067557605,0.9864169081195803,0.64,0.0,0.6944444444444444,28.8,4.895833333333333,1.0125097691372258,0.0,0.018041958041958066,0.8000000000000007,0.8810486111111111,0.09027777777777778,-0.2586050656673859,0.11669921875,0.7797097,0.101054065,0.8
0.0,88.8814913448735,109.8584595128374,0.8090545938748336,0.6179775280898876,0.0,0.0,11.125,4.280898876404494,6.171823568136933,4.937458854509546,0.1841111111111112,8.39,0.8253516483516483,0.10989010989010989,-0.384977221613129,0.134033203125,0.7072806,0.12001707,0.7142857142857143
0.0,60.92416211070594,64.23757371524853,0.9484194154151863,0.7868852459016393,0.0,0.0,15.25,5.163934426229508,2.1061499578770007,1.0530749789385003,0.4980000000000001,28.62,0.9111311475409836,0.06557377049180328,-0.2404585465088359,0.32666015625,0.9355595,0.84702075,1.0
0.0,75.90551344940413,95.63758389261746,0.7936787020323659,0.5,0.0,0.0,19.0,3.789473684210526,3.7751677852348995,3.7751677852348995,0.33786666666666654,19.2,0.7300000000000001,0.21052631578947367,-0.47809128079259156,0.1578369140625,0.7191734,0.17027417,0.75
0.0,134.83216204828364,135.01195418344332,0.9986683243254489,0.46,0.0,0.0,19.285714285714285,3.9555555555555557,0.0,0.0,0.006567164179104474,0.379999999999999,0.9409407407407406,0.022222222222222223,-0.14933999116981966,0.320556640625,0.57063615,0.1659633,0.4285714285714285
0.0,123.83488681757656,127.59535351687552,0.9705281846426985,0.5161290322580645,0.0,0.0,46.5,3.946236559139785,0.0,0.0,0.006086956521739129,0.33999999999999986,0.9324838709677418,0.021505376344086023,-0.1565459332344207,0.373291015625,0.38927698,0.13349336,0.5
0.0,119.84021304926765,125.59307842590007,0.9541944074567243,0.6222222222222222,0.0,0.0,12.857142857142858,3.688888888888889,4.186435947530002,1.3954786491766675,0.04719101123595509,1.3999999999999986,0.9502333333333334,0.011111111111111112,-0.17929284034745027,0.162841796875,0.8461748,0.22007127,0.8333333333333334
0.0,104.07876230661041,113.63636363636364,0.9158931082981717,0.527027027027027,0.0,0.0,24.666666666666668,4.175675675675675,1.5356265356265357,1.5356265356265357,0.025479452054794488,1.1600000000000001,0.9328243243243245,0.02702702702702703,-0.21011512812815214,0.12158203125,0.5954345,0.26219285,0.6666666666666666
0.0,36.95073235685752,87.04516938519447,0.4245006657789614,0.6756756756756757,0.0,0.0,18.5,4.648648648648648,4.705144291091593,4.705144291091593,0.8205555555555556,24.1,0.971108108108108,0.0,-0.17825254615472289,0.0343017578125,0.49646235,0.4651745,0.5
0.0,147.13541666666666,151.39335476956057,0.971875,0.64,2.6548672566371683,0.0,18.833333333333332,4.123893805309734,1.339764201500536,0.0,0.017142857142857175,0.7199999999999998,0.9687168141592921,0.02654867256637168,-0.11717677932777784,0.1500244140625,0.8133411,0.20928484,0.8333333333333334
0.0,112.85951341819298,121.70890613447442,0.9272905081695181,0.54,3.5398230088495577,0.0,22.6,4.1946902654867255,3.231209897375427,1.077069965791809,0.04142857142857141,1.1600000000000001,0.8686814159292036,0.12389380530973451,-0.3027613128604729,0.01316070556640625,0.7491091,0.16617538,0.8
0.0,149.80026631158455,151.20967741935482,0.9906790945406126,0.58,0.0,0.0,50.0,4.006666666666667,3.0241935483870965,3.0241935483870965,0.037852348993288494,1.519999999999996,0.9456066666666665,0.03333333333333333,-0.19093774517804735,0.28125,0.6298237,0.15065089,0.6666666666666666
0.0,94.87350199733687,97.22980349344978,0.9757656458055927,0.6842105263157895,0.0,0.0,23.75,4.684210526315789,2.046943231441048,1.023471615720524,0.02851063829787232,1.2199999999999989,0.9183473684210526,0.06315789473684211,-0.24298378170165055,0.12042236328125,0.7103607,0.32906803,0.75
0.0,90.87882822902796,94.55527847049044,0.9611185086551265,0.6153846153846154,0.0,0.0,15.166666666666666,4.318681318681318,3.1172069825436406,1.0390689941812137,0.05433333333333326,2.4199999999999946,0.9459780219780222,0.02197802197802198,-0.24180511807301514,0.5400390625,0.6268599,0.16380699,0.6666666666666666
0.0,23.970162141917093,27.863777089783284,0.8602624857599134,0.9166666666666666,0.0,0.0,12.0,4.041666666666667,1.1609907120743035,1.1609907120743035,1.391304347826087,31.900000000000002,0.27099999999999996,0.8333333333333334,-0.883003551243008,0.40625,0.978565,0.97847205,1.0
0.0,102.87194585906086,102.87194585906086,1.0,0.55,0.0,0.0,25.75,4.203883495145631,1.9975135118264244,1.9975135118264244,0.04450980392156862,2.1799999999999997,0.9305922330097086,0.038834951456310676,-0.15193326873242177,0.09906005859375,0.8622779,0.64636815,1.0
0.0,131.97649168741816,135.48029110301184,0.9741379400127685,0.59,0.0,0.0,18.857142857142858,4.053030303030303,3.079097525068451,2.0527316833789673,0.05076335877862586,2.1999999999999957,0.9469166666666666,0.030303030303030304,-0.1968480031732924,0.292724609375,0.67833394,0.15769008,0.5714285714285714
0.0,100.87443234723443,105.9835450052959,0.9517933405812556,0.57,0.0,0.0,16.833333333333332,4.217821782178218,3.1480260892662146,2.09868405951081,0.05819999999999993,1.3599999999999994,0.9358811881188117,0.019801980198019802,-0.23094785973569817,0.0560302734375,0.90231717,0.84190583,1.0
0.0,98.876918835408,106.02090298484985,0.9326172108677219,0.6060606060606061,0.0,0.0,16.5,4.373737373737374,5.354591059840901,1.0709182119681804,0.05102040816326542,1.1199999999999974,0.9263333333333332,0.010101010101010102,-0.2530955977328046,0.28125,0.6976771,0.196701,0.8333333333333334
0.0,90.54593874833556,119.38202247191012,0.7584553928095872,0.8235294117647058,0.0,0.0,7.555555555555555,4.220588235294118,3.51123595505618,1.75561797752809,0.055522388059701513,1.1600000000000001,0.9141029411764707,0.058823529411764705,-0.2863443092373552,0.37548828125,0.9434468,0.72760594,1.0
0.0,99.86684420772303,106.40310224155868,0.9385707944962273,0.6533333333333333,0.0,0.0,18.75,4.24,1.4187080298874493,1.4187080298874493,0.029594594594594563,1.4100000000000001,0.8893466666666667,0.05333333333333334,-0.22688254608650402,0.0712890625,0.35503107,0.11007975,0.25
0.0,114.8570269300194,126.2564171768196,0.9097123892654455,0.59,0.0,2.608695652173913,23.0,3.8086956521739133,2.195763776988167,2.195763776988167,0.032631578947368456,1.6900000000000048,0.9576434782608695,0.017391304347826087,-0.14179757444678887,0.05413818359375,0.74954146,0.16528802,0.8
0.0,131.83589178054402,134.963143942581,0.9768288432628134,0.51,0.0,0.0,13.2,4.2727272727272725,1.0224480601710684,1.0224480601710684,0.028396946564885516,1.0399999999999991,0.7992196969696971,0.14393939393939395,-0.40665418551001753,0.61328125,0.621267,0.09273784,0.6
0.0,104.86945937088728,109.75095895989192,0.9555220324699982,0.54,0.0,0.9523809523809523,35.0,3.9904761904761905,2.0904944563788934,1.0452472281894467,0.03442307692307704,1.1799999999999997,0.9073333333333334,0.0380952380952381,-0.27546842169193997,0.036163330078125,0.34192756,0.20198737,0.3333333333333333
0.0,33.95772970104922,91.48520512698337,0.3711827464770416,0.8529411764705882,2.9411764705882355,0.0,17.0,5.352941176470588,5.381482654528434,5.381482654528434,0.17666666666666683,3.730000000000004,0.7130588235294117,0.2647058823529412,-0.4677083280351427,0.01018524169921875,0.651902,0.5813033,1.0
0.0,95.88064856766837,103.42842328890265,0.9270241730346079,0.6354166666666666,0.0,0.0,24.0,4.479166666666667,4.309517637037611,3.232138227778208,0.09726315789473675,4.58,0.8472291666666667,0.09375,-0.3573315339143848,0.037261962890625,0.7027677,0.55698687,1.0
0.0,130.82556591211716,131.91460794844252,0.9917443408788283,0.58,0.7633587786259542,0.0,26.2,4.801526717557252,3.02094522019334,0.0,0.01953846153846154,0.8000000000000007,0.8992213740458015,0.05343511450381679,-0.22831936985293932,0.1337890625,0.5023958,0.06388477,0.4
0.0,102.87194585906086,106.18066390834616,0.9688387892155078,0.5,7.766990291262136,0.0,103.0,4.504854368932039,2.061760464239731,1.0308802321198656,0.03794117647058823,1.8299999999999983,0.9131650485436894,0.038834951456310676,-0.16646109169413303,0.034210205078125,0.21558368,0.21558368,0.0
0.0,121.84832422141189,123.45952304904544,0.9869495783894006,0.58,0.0,0.0,30.5,4.221311475409836,4.047853214722801,2.0239266073614006,0.048760330578512354,1.6799999999999997,0.9725245901639344,0.00819672131147541,-0.17378602051734926,0.0953369140625,0.6553484,0.35172266,0.75
0.0,119.85081070958546,137.61467889908258,0.870915891156321,0.65,1.6666666666666667,0.0,20.0,4.433333333333334,3.4403669724770642,1.146788990825688,0.03361344537815124,1.2399999999999984,0.9377916666666667,0.03333333333333333,-0.1314102592758643,0.060943603515625,0.7065053,0.30364114,0.6666666666666666
0.0,126.08695652173914,130.78773301262777,0.9640579710144928,0.5287356321839081,0.0,0.0,29.0,4.563218390804598,3.006614552014432,1.503307276007216,0.025116279069767423,1.259999999999998,0.9325632183908047,0.011494252873563218,-0.17270154545864105,0.10528564453125,0.591549,0.2548966,0.6666666666666666
0.0,89.8881080321891,113.04003108600854,0.7951882812540639,0.6777777777777778,0.0,0.0,12.857142857142858,4.644444444444445,6.280001727000474,5.02400138160038,0.1216853932584269,4.349999999999994,0.9443666666666666,0.022222222222222223,-0.20055223846935938,0.089599609375,0.54217184,0.17459518,0.5714285714285714
0.0,130.87488497324563,132.58697912998082,0.9870870113493064,0.76,0.0,0.0,20.0,4.18,6.62934895649904,1.325869791299808,0.06080808080808087,1.4400000000000013,0.9803000000000002,0.0,-0.16117093868374438,0.051055908203125,0.80654764,0.42998546,0.8
0.0,106.52463382157124,118.2033096926714,0.9011984021304925,0.65,0.0,0.0,20.0,4.35,1.4775413711583925,0.0,0.0326582278481012,0.7599999999999998,0.9480125000000001,0.025,-0.1832394087238688,0.1854248046875,0.72365296,0.21417944,0.75
0.0,94.54061251664447,96.91509691509691,0.9754993342210386,0.4788732394366197,1.408450704225352,4.225352112676056,17.75,4.098591549295775,2.73000273000273,0.0,0.04499999999999995,0.94,0.9248028169014086,0.056338028169014086,-0.29132358024990745,0.51171875,0.18068755,0.06563866,0.0
0.0,58.8013616501755,106.69499810684194,0.5511163849620501,0.7627118644067796,0.0,1.694915254237288,14.75,4.3559322033898304,12.658728588947348,12.658728588947348,0.47152542372881345,11.05,0.8202166666666667,0.11666666666666667,-0.38518442673173114,0.06622314453125,0.92125875,0.75278735,1.0
0.0,82.89681074079661,97.20487195502811,0.8528051019824281,0.6144578313253012,0.0,0.0,16.6,4.144578313253012,4.684572142410993,2.3422860712054967,0.13609756097560985,4.26,0.9190240963855422,0.04819277108433735,-0.21488529528939024,0.23681640625,0.6032673,0.13998188,0.6
0.0,111.86075666227977,112.91330396383245,0.9906782702781434,0.55,0.0,0.0,37.333333333333336,4.026785714285714,1.0081544996770755,0.0,0.019639639639639606,0.9599999999999973,0.9313928571428571,0.03571428571428571,-0.2031553524959523,0.1400146484375,0.8835766,0.8109608,1.0
0.0,100.87443234723443,109.16030104645729,0.9240944865505958,0.64,0.0,0.9900990099009901,14.428571428571429,4.178217821782178,4.323180239463655,3.242385179597741,0.08180000000000004,3.6799999999999997,0.9830495049504949,0.0,-0.20151569971696112,0.057373046875,0.82064915,0.14424111,0.8333333333333334
0.0,118.97880690002091,123.01291183320896,0.96720584145949,0.64,0.0,0.0,17.0,4.184873949579832,1.0337219481782267,0.0,0.01644067796610175,0.9199999999999999,0.9950252100840337,0.0,-0.1243508733507684,0.04266357421875,0.89657086,0.697285,1.0
0.0,128.83962151280437,136.8071266968326,0.9417610370424315,0.71,0.7751937984496124,0.7751937984496124,14.333333333333334,4.4186046511627906,2.1210407239819005,2.1210407239819005,0.04968750000000001,2.0999999999999996,0.9794186046511628,0.007751937984496124,-0.12675737887868455,0.049407958984375,0.77452177,0.1163047,0.7777777777777778
0.0,100.87443234723443,102.93048264587392,0.9800248648817357,0.61,0.0,0.0,50.5,4.198019801980198,1.019113689563108,0.0,0.02300000000000007,0.6999999999999993,0.8878316831683168,0.06930693069306931,-0.218234827393207,0.11846923828125,0.29058743,0.22441359,0.0
0.0,96.7307660345372,105.7585724409878,0.9146375920355011,0.711340206185567,0.0,2.0618556701030926,19.4,4.628865979381444,4.361178244989188,3.270883683741891,0.08354166666666667,2.280000000000001,0.9580927835051545,0.030927835051546393,-0.20224918856955917,0.130615234375,0.7839894,0.5278736,1.0
0.0,107.85619174434088,119.43379534060749,0.9030625832223701,0.6049382716049383,0.0,1.2345679012345678,16.2,4.3580246913580245,2.948982601002654,1.474491300501327,0.03864197530864205,1.3100000000000023,0.9742439024390245,0.0,-0.12997931067477025,0.052490234375,0.9407188,0.8893657,1.0
0.0,128.83962151280437,135.66882958246558,0.949662659501974,0.68,1.550387596899225,0.0,11.727272727272727,4.108527131782946,7.361874473467125,5.258481766762232,0.08742187499999995,2.0199999999999996,0.9853565891472869,0.007751937984496124,-0.13655721277966856,0.049530029296875,0.87170166,0.32620046,0.9090909090909092
0.0,96.87940532358158,119.54968591247146,0.8103693839439448,0.5154639175257731,0.0,0.0,48.5,4.34020618556701,3.6974129663650968,2.464941977576731,0.14843749999999994,6.08,0.8902371134020618,0.061855670103092786,-0.16843594637572426,0.034912109375,0.2077345,0.11309561,0.0
0.0,135.81890812250333,153.06122448979593,0.8873501997336884,0.68,0.0,0.0,19.428571428571427,4.448529411764706,3.3763505402160865,3.3763505402160865,0.043999999999999956,1.379999999999999,0.5209338235294119,0.5073529411764706,-0.7789547812130492,0.08892822265625,0.69194686,0.27932447,0.8571428571428571
0.0,114.8570269300194,133.18406423718343,0.8623931668391949,0.64,0.8695652173913043,0.0,38.333333333333336,4.252173913043478,3.474366893143916,1.1581222977146386,0.038421052631579,1.9200000000000017,0.944086956521739,0.034782608695652174,-0.16374336902294118,0.0227203369140625,0.6870528,0.14799307,0.6666666666666666
0.0,113.85827017410618,130.50773279781916,0.872425470378019,0.64,0.0,0.0,11.4,4.543859649122807,2.2896093473301606,2.2896093473301606,0.04566371681415927,2.039999999999999,0.9173771929824561,0.06140350877192982,-0.21704290776590382,0.9052734375,0.8554929,0.2292007,0.9
0.0,99.87567559132121,104.23418816225353,0.9581853838191001,0.62,0.0,1.0,16.666666666666668,4.72,3.127025644867606,1.0423418816225354,0.030303030303030276,1.5300000000000002,0.9579000000000002,0.04,-0.13180370786735512,0.048553466796875,0.90558165,0.5432894,1.0
0.0,126.15791165232297,131.6793893129771,0.9580687783451772,0.7065217391304348,0.0,0.0,15.333333333333334,4.032608695652174,7.156488549618321,2.8625954198473282,0.058461538461538454,1.8200000000000003,0.979858695652174,0.0,-0.1526108437350818,0.0780029296875,0.76017386,0.15978757,0.8333333333333334
0.0,112.85951341819298,123.05193295212341,0.9171697730429308,0.52,0.0,0.8849557522123894,22.6,3.495575221238938,3.2668654766050462,2.1779103177366976,0.046071428571428534,2.5999999999999943,0.917504424778761,0.04424778761061947,-0.21364751733118575,0.491455078125,0.59800506,0.071667805,0.6
0.0,150.81227014289504,159.34240479961835,0.9464666378830519,0.52,0.6622516556291391,1.3245033112582782,30.2,4.033112582781457,1.0552477139047574,0.0,0.016933333333333345,0.6599999999999993,0.9314569536423841,0.033112582781456956,-0.20398259535137375,0.70068359375,0.68256617,0.17758095,0.6
0.0,138.8271890719365,144.48391717727972,0.960848735168202,0.5,0.0,0.0,19.857142857142858,3.884892086330935,2.078905283126327,1.0394526415631635,0.032536231884057944,1.4099999999999966,0.9403741007194244,0.04316546762589928,-0.18713060623591082,0.036163330078125,0.6871953,0.123977855,0.5714285714285714
0.0,106.17376968725051,116.42949547218629,0.9119147107582739,0.6145833333333334,0.0,1.0416666666666667,24.0,4.09375,1.2128072445019404,0.0,0.025894736842105262,0.9600000000000009,0.9074791666666667,0.052083333333333336,-0.2460152503976411,0.0947265625,0.4506718,0.08300243,0.3333333333333333
0.0,106.8669728827137,111.03676471383062,0.9624467459776632,0.53,0.0,0.9345794392523364,53.5,3.803738317757009,1.0377267730264543,1.0377267730264543,0.022830188679245265,1.9199999999999982,0.8984766355140187,0.056074766355140186,-0.22332837266568614,0.0262451171875,0.5179993,0.05666864,0.5
0.0,78.90178371714376,116.9253444626198,0.6748048002746581,0.6582278481012658,0.0,0.0,11.285714285714286,3.9367088607594938,10.36047355997897,8.880405908553403,0.2489743589743591,5.130000000000001,0.9407088607594941,0.0379746835443038,-0.2000862856483179,0.048095703125,0.91377324,0.7981582,1.0
0.0,126.84210800097794,129.70944106423022,0.9778941838024542,0.68,0.0,0.0,12.7,4.551181102362205,2.0426683632162237,0.0,0.02952380952380959,0.5799999999999983,0.9760393700787401,0.007874015748031496,-0.13755214414682262,0.07135009765625,0.9234966,0.74837375,1.0
0.0,126.83089214380824,131.1261013215859,0.9672436750998669,0.59,0.0,0.0,18.142857142857142,4.322834645669292,4.129955947136564,1.032488986784141,0.036269841269841216,1.3299999999999983,0.9634566929133859,0.023622047244094488,-0.16058551190928153,0.323974609375,0.7591147,0.081150584,0.8571428571428571
0.0,80.89929722897018,89.12852112676057,0.9076701397739272,0.5061728395061729,0.0,7.407407407407407,16.2,3.925925925925926,3.3010563380281694,3.3010563380281694,0.06749999999999992,2.019999999999996,0.8229506172839505,0.12345679012345678,-0.3161913002136523,0.0694580078125,0.7570881,0.08217542,0.8
0.0,133.83340529237043,135.74961456353608,0.9858842378497599,0.66,0.746268656716418,0.0,33.5,3.9402985074626864,2.026113650202031,1.0130568251010155,0.025864661654135326,2.2799999999999976,0.9532835820895522,0.014925373134328358,-0.15471125003258754,0.389892578125,0.7118944,0.14797598,0.75
0.0,143.82097285150255,145.8014067557605,0.9864169081195803,0.54,0.0,1.3888888888888888,24.0,3.701388888888889,1.0125097691372258,1.0125097691372258,0.019160839160839164,1.6000000000000014,0.9386874999999999,0.034722222222222224,-0.16345210116924574,0.1785888671875,0.7437434,0.18098515,0.8333333333333334
0.0,79.90054047305698,111.27596439169137,0.718039523717872,0.6,0.0,1.25,16.0,3.85,6.954747774480711,6.954747774480711,0.21430379746835443,5.740000000000002,0.8773125,0.05,-0.32478156691391374,0.1583251953125,0.31490082,0.10993354,0.2
0.0,154.46071904127828,156.85567474984222,0.9847314691522414,0.54,3.4482758620689653,0.0,58.0,3.9482758620689653,0.0,0.0,0.024000000000000014,0.27999999999999936,0.9369913793103447,0.04310344827586207,-0.20510787882910306,0.08489990234375,0.56456494,0.37385875,0.5
0.0,140.9530156614462,144.53632201189095,0.9752082639120292,0.52,0.0,0.7092198581560284,70.5,3.7588652482269502,0.0,0.0,0.007142857142857146,0.33999999999999986,0.9156737588652482,0.028368794326241134,-0.18252518111637786,0.24951171875,0.28407824,0.06375618,0.5
0.0,120.97845071346664,125.63447247257425,0.9629399346574724,0.78,0.0,0.0,15.125,4.471074380165289,4.153205701572702,4.153205701572702,0.08249999999999995,2.8200000000000003,0.9782314049586777,0.01652892561983471,-0.13263181658763137,0.022216796875,0.8420619,0.45052665,0.875
0.0,158.15485996705107,161.4892901199955,0.9793520043931905,0.5729166666666666,0.0,0.0,24.0,3.875,5.046540316249859,0.0,0.03835051546391758,1.0,0.9820816326530613,0.0,-0.11513875528083493,0.253662109375,0.9463507,0.92097646,1.0
0.0,107.86572963862692,108.70533912228407,0.9922762810876044,0.55,0.0,2.7777777777777777,21.6,3.9166666666666665,2.013061835597853,1.0065309177989266,0.028971962616822458,1.0600000000000005,0.9701388888888888,0.009259259259259259,-0.10954920705087039,0.052520751953125,0.7507405,0.20601635,0.8
0.0,105.86821612680049,124.69931118825846,0.8489879785059222,0.45,0.0,2.830188679245283,35.333333333333336,4.415094339622642,2.3528171922312917,1.1764085961156459,0.09361904761904762,8.73,0.9059150943396225,0.02830188679245283,-0.2002130336913264,0.07086181640625,0.34388554,0.08402668,0.3333333333333333
0.0,131.72837167389446,132.80763643909523,0.9918734735882773,0.65,0.0,0.0,26.8,3.5522388059701493,4.9555088223543,1.98220352894172,0.03458646616541358,1.3000000000000043,0.7008880597014925,0.2537313432835821,-0.5333990250960057,0.54443359375,0.67576903,0.35845286,0.6
0.0,104.86945937088728,109.68981070890304,0.9560547027398186,0.65,0.0,0.9523809523809523,35.0,4.742857142857143,1.0446648638943146,1.0446648638943146,0.017692307692307674,1.0399999999999991,0.9522761904761904,0.009523809523809525,-0.20256870484010187,0.1380615234375,0.76272684,0.67542434,1.0
0.0,89.33333333333333,118.96306818181817,0.7509333333333333,0.582089552238806,0.0,0.0,8.375,4.149253731343284,3.5511363636363633,0.0,0.04969696969696964,0.9199999999999982,0.9208805970149253,0.05970149253731343,-0.3632840190369349,0.080078125,0.83403236,0.15597726,0.875
0.0,133.70325223793952,136.0644901532607,0.9826461855502379,0.66,0.0,0.0,12.555555555555555,4.168141592920354,7.2246631939784445,4.816442129318963,0.07107142857142855,1.7800000000000011,0.9044955752212389,0.061946902654867256,-0.2848557723800434,0.0357666015625,0.64075476,0.14142464,0.5555555555555556
0.0,97.8781620794948,103.12408541497908,0.9491299892321536,0.6530612244897959,0.0,1.0204081632653061,24.5,4.5,1.0522865858671335,1.0522865858671335,0.021855670103092795,1.6400000000000006,0.9021122448979592,0.07142857142857142,-0.1980358423330124,0.1373291015625,0.5940806,0.092332564,0.5
0.0,118.85205395367225,131.63716814159292,0.9028761073455438,0.61,0.0,0.8403361344537815,13.222222222222221,4.016806722689076,3.3185840707964602,3.3185840707964602,0.07415254237288134,2.1199999999999974,0.8884201680672268,0.04201680672268908,-0.29397469930444525,0.316650390625,0.82587975,0.30055964,0.8888888888888888
0.0,75.90551344940413,80.42514211638498,0.9438032865339498,0.5657894736842105,1.3157894736842106,2.6315789473684212,10.857142857142858,4.921052631578948,4.232902216651841,3.1746766624888805,0.14479999999999998,4.059999999999999,0.8223947368421051,0.11842105263157894,-0.3875191276710579,0.1695556640625,0.6616306,0.15526421,0.8
0.0,134.83216204828364,139.7836589019864,0.9645774270569447,0.58,1.4814814814814814,0.0,45.0,4.088888888888889,1.0354345103850846,1.0354345103850846,0.013432835820895534,1.0600000000000005,0.9496296296296295,0.037037037037037035,-0.1594762186057985,0.28564453125,0.674947,0.13100658,0.6666666666666666
0.0,95.88064856766837,98.63910993615643,0.9720348108344301,0.6041666666666666,0.0,1.0416666666666667,16.0,4.479166666666667,8.219925828013036,4.109962914006518,0.12252631578947369,1.620000000000001,0.9081250000000001,0.0625,-0.31491054515292866,0.05657958984375,0.8352496,0.4333438,0.8333333333333334
0.0,137.82843231602328,139.2750924873661,0.9896129297385026,0.53,0.0,1.4492753623188406,9.2,4.13768115942029,4.03695920253235,2.018479601266175,0.053430656934306556,1.5999999999999996,0.9300289855072463,0.028985507246376812,-0.18172524305046286,0.094482421875,0.8399402,0.38719243,0.7857142857142857
0.0,138.8271890719365,142.66485199483822,0.9731001513740708,0.75,0.0,0.0,17.375,5.64748201438849,1.0263658416894836,0.0,0.042898550724637684,0.9200000000000017,0.8741007194244604,0.07913669064748201,-0.26120845568026757,0.1346435546875,0.63673997,0.09774601,0.625
0.0,207.68808822277342,245.49472631792557,0.8459981659801888,0.57,0.0,0.6451612903225806,25.833333333333332,3.6838709677419357,3.167673887973233,0.0,0.02090909090909096,0.620000000000001,0.839832258064516,0.12903225806451613,-0.28422892315840637,0.30859375,0.81517714,0.44805297,0.8333333333333334
0.0,130.1779463243874,131.83161004431315,0.9874562427071178,0.57,0.0,0.0,29.75,4.235294117647059,0.0,0.0,0.00796610169491526,0.29999999999999893,0.8691512605042017,0.07563025210084033,-0.20400738715658914,0.0416259765625,0.45942995,0.0722682,0.5
0.0,98.9853996535511,104.009568880337,0.9516951249690669,0.67,1.0,0.0,33.333333333333336,4.93,2.08019137760674,1.04009568880337,0.03030303030303034,1.6000000000000014,0.8275699999999999,0.14,-0.3030828196722279,0.20751953125,0.098234534,0.05297249,0.0
0.0,85.00779958917015,115.17857142857144,0.7380522134873687,0.5348837209302325,0.0,1.1627906976744187,28.666666666666668,4.546511627906977,2.678571428571429,2.678571428571429,0.13176470588235295,6.82,0.8917209302325582,0.023255813953488372,-0.25697216717135,0.0225067138671875,0.31759813,0.2687665,0.0
0.0,163.78162450066577,165.84269662921346,0.98757212605415,0.58,0.8130081300813008,0.0,15.375,4.056910569105691,1.348314606741573,1.348314606741573,0.03885245901639335,1.279999999999994,0.7211707317073172,0.2764227642276423,-0.4812360392762469,0.401611328125,0.7598044,0.33570436,0.75
0.0,122.84708097732509,126.17393153397282,0.9736328216438912,0.49,0.0,0.0,30.75,4.463414634146342,0.0,0.0,0.0077049180327868816,0.379999999999999,0.9000894308943089,0.04065040650406504,-0.201503128796011,0.26318359375,0.5697471,0.08364956,0.5
0.0,134.83216204828364,144.65658014432174,0.9320845405979015,0.56,2.2222222222222223,0.0,33.75,4.014814814814815,6.4291813397476325,3.2145906698738163,0.07440298507462687,3.289999999999999,0.9658592592592592,0.014814814814814815,-0.1260998003171032,0.1798095703125,0.714715,0.20909078,0.75
0.0,73.90146471371504,87.76091081593928,0.8420772303595206,0.7432432432432432,1.3513513513513513,1.3513513513513513,18.5,4.162162162162162,1.1859582542694498,0.0,0.020547945205479427,0.5999999999999979,0.935554054054054,0.04054054054054054,-0.22086547225650052,0.0679931640625,0.8379678,0.48823038,0.75
0.0,155.8060539224611,158.03686471575844,0.9858842378497599,0.6,3.8461538461538463,1.2820512820512822,22.285714285714285,4.166666666666667,1.0130568251010155,1.0130568251010155,0.019354838709677455,1.0199999999999996,0.9698717948717948,0.02564102564102564,-0.11771553087818469,0.342041015625,0.7079633,0.2569962,0.7142857142857143
0.0,126.97738215380383,133.79056815999562,0.9490757375509153,0.69,0.0,0.0,21.166666666666668,4.535433070866142,1.0534690406298868,1.0534690406298868,0.021904761904761903,1.120000000000001,0.9659133858267716,0.023622047244094488,-0.11445170152040468,0.277587890625,0.7221813,0.16570307,0.8333333333333334
0.0,82.89681074079661,87.88232063149977,0.9432706162641296,0.5542168674698795,0.0,1.2048192771084338,41.5,4.0120481927710845,1.0588231401385513,1.0588231401385513,0.042926829268292624,1.5399999999999991,0.9045783132530121,0.024096385542168676,-0.3371853319721089,0.52001953125,0.40605864,0.07982993,0.5
0.0,122.84708097732509,125.01124868324239,0.9826882162308376,0.49,0.0,0.0,61.5,3.975609756097561,0.0,0.0,0.002459016393442629,0.3000000000000007,0.8629430894308942,0.056910569105691054,-0.2659700601669445,0.12017822265625,0.2419727,0.11568623,0.0
0.0,115.15743603998676,148.6280487804878,0.774802851715193,0.71,0.0,0.9615384615384616,13.0,4.5,10.003810975609756,2.8582317073170733,0.11699029126213586,4.149999999999999,0.9183653846153845,0.028846153846153848,-0.21456379968607575,0.0245361328125,0.7443807,0.30848587,0.75
0.0,100.87443234723443,102.87456750984343,0.9805575351515561,0.62,2.9702970297029703,0.9900990099009901,33.666666666666664,4.03960396039604,3.0556802230646563,3.0556802230646563,0.05699999999999988,1.3399999999999963,0.9295742574257424,0.019801980198019802,-0.22731280245450367,0.52685546875,0.57793397,0.095539995,0.6666666666666666
0.0,134.83216204828364,138.86344130608782,0.9709694702947893,0.67,0.0,0.0,27.0,4.362962962962963,1.0286180837487986,0.0,0.027313432835820942,0.5399999999999991,0.9499703703703705,0.022222222222222223,-0.18581447729707182,0.312255859375,0.4980751,0.15461677,0.6
0.0,124.7726829642461,137.8012048192771,0.9054542239154033,0.57,0.0,0.0,30.5,3.7868852459016393,2.2590361445783134,0.0,0.03836065573770493,0.5400000000000063,0.7087642276422764,0.2601626016260163,-0.4923895281450502,0.1376953125,0.9222687,0.88193107,1.0
0.0,141.82345933967613,143.08100681503063,0.9912109405479637,0.59,0.0,0.0,28.4,4.492957746478873,3.0228381721485347,0.0,0.025106382978723474,0.7199999999999989,0.9815845070422534,0.0,-0.11467118244305409,0.08111572265625,0.83920085,0.8133288,1.0
0.0,128.82822902796272,132.31673960612693,0.9736351531291612,0.73,0.0,0.0,25.8,4.51937984496124,6.1542669584245075,2.051422319474836,0.05359374999999998,1.259999999999998,0.95584496124031,0.023255813953488372,-0.15309872710030903,0.083984375,0.51231956,0.35215044,0.4
0.0,129.84764542936287,143.73323112303564,0.903393351800554,0.52,0.0,0.0,50.0,3.67,2.874664622460713,2.874664622460713,0.041414141414141445,1.7199999999999989,0.8925200000000001,0.06,-0.21695329714921666,0.01605224609375,0.23643966,0.108891696,0.0
0.0,89.7308075772682,165.44117647058823,0.5423728813559323,0.7666666666666667,0.0,0.0,15.0,4.266666666666667,0.0,0.0,0.015172413793103431,0.2400000000000002,0.9264333333333333,0.0,-0.1655815914273262,0.04852294921875,0.96612334,0.9553247,1.0
0.0,136.82967556011008,142.64224366531565,0.9592507243587409,0.6,0.0,0.0,34.25,4.364963503649635,3.1235527809923136,1.041184260330771,0.027647058823529438,1.2400000000000002,0.9481386861313867,0.021897810218978103,-0.19439818372306394,0.2327880859375,0.63954747,0.23106807,0.5
0.0,130.83713502463078,133.72193790478906,0.9784268540722745,0.69,0.0,0.0,43.666666666666664,4.106870229007634,1.0207781519449546,1.0207781519449546,0.021804511278195514,1.4200000000000017,0.9582089552238806,0.014925373134328358,-0.15990989235611633,0.1077880859375,0.41444442,0.097030155,0.3333333333333333
0.0,61.922918866619156,117.56270702354216,0.5267224652645925,0.7258064516129032,0.0,0.0,12.4,4.790322580645161,3.792345387856199,3.792345387856199,0.11721311475409828,3.6299999999999955,0.9211451612903224,0.03225806451612903,-0.27226562194134063,0.02471923828125,0.7351953,0.045883335,0.8
0.0,39.94673768308921,98.61932938856016,0.40505992010652464,0.8,0.0,0.0,20.0,4.425,0.0,0.0,0.006666666666666661,0.17999999999999972,0.964775,0.0,-0.16151147472615146,0.03924560546875,0.96981084,0.96974134,1.0
0.0,139.8259458278497,152.35055136390017,0.9177908749005145,0.72,0.0,0.0,12.727272727272727,4.785714285714286,6.52930934416715,3.264654672083575,0.051223021582733785,1.5600000000000023,0.8728571428571428,0.07857142857142857,-0.26480857679453845,0.009063720703125,0.88375574,0.5016945,1.0
0.0,106.0808044461004,129.53941541186893,0.8189075433822041,0.7692307692307693,0.0,0.0,11.142857142857142,4.961538461538462,4.982285208148805,3.321523472099203,0.08389610389610373,1.5199999999999996,0.9759871794871793,0.01282051282051282,-0.13656047683685799,0.232421875,0.8481938,0.51316375,1.0
0.0,120.84956746549868,124.39454574465921,0.9715021405646096,0.63,0.8264462809917356,0.0,13.444444444444445,3.6942148760330578,4.112216388253197,3.084162291189898,0.06247933884297516,2.6799999999999997,0.7115901639344262,0.2459016393442623,-0.5512241614485761,0.354736328125,0.5005766,0.09610658,0.5
0.0,119.85081070958546,122.9619746497665,0.9746981621835319,0.66,0.0,0.0,12.0,4.158333333333333,1.0246831220813875,0.0,0.04249999999999997,0.9199999999999982,0.9454132231404959,0.03305785123966942,-0.1646748877917045,0.33056640625,0.82428354,0.37492642,0.7777777777777778
0.0,136.82967556011008,142.32610989367745,0.9613814054380224,0.61,0.0,0.0,22.833333333333332,4.364963503649635,5.194383572761951,3.1166301436571704,0.05485294117647061,1.8200000000000003,0.9784963503649635,0.014598540145985401,-0.1291904524994501,0.875,0.8672499,0.6306248,1.0
0.0,121.17177097203728,125.95736827535295,0.9620062139369728,0.5714285714285714,0.0,0.0,22.75,3.8241758241758244,1.3841469041247576,1.3841469041247576,0.01955555555555555,1.019999999999996,0.9502307692307691,0.0,-0.13704486996088272,0.07928466796875,0.89438385,0.7278066,1.0
0.0,144.8195789412357,146.8930846281452,0.985884252535383,0.69,0.0,0.0,29.0,4.227586206896552,1.013055756056174,1.013055756056174,0.01972222222222229,1.2800000000000011,0.9573724137931033,0.006896551724137931,-0.15105606560951906,0.265869140625,0.6323954,0.28309765,0.6
0.0,69.73153359565671,100.2673796791444,0.6954558283940163,0.6285714285714286,1.4285714285714286,1.4285714285714286,17.5,4.4,7.1619556913674565,5.729564553093965,0.12380281690140839,2.519999999999996,0.9095694444444445,0.027777777777777776,-0.31007210982151523,0.01953125,0.6036906,0.23039792,0.5
0.0,120.97845071346664,131.6870935084929,0.9186811515865403,0.54,0.0,0.8264462809917356,60.5,4.181818181818182,3.2649692605411462,2.176646173694097,0.04949999999999999,2.0500000000000007,0.9177438016528927,0.03305785123966942,-0.1958514999295329,0.2198486328125,0.14271969,0.066674456,0.0
0.0,145.818486363329,156.26480730573653,0.9331498811375423,0.45,0.684931506849315,0.0,18.25,4.3561643835616435,2.1406137987087193,2.1406137987087193,0.050137931034482865,2.2099999999999995,0.9106369863013697,0.04794520547945205,-0.25470148285160427,0.019256591796875,0.632337,0.20842892,0.625
0.0,114.8570269300194,118.55122669378454,0.9688387892155078,0.55,0.0,1.7391304347826086,23.0,4.234782608695652,3.092640696359597,1.0308802321198656,0.035263157894736906,1.240000000000002,0.8960869565217391,0.034782608695652174,-0.27856143524357646,0.058990478515625,0.34830967,0.11314292,0.2
0.0,114.8570269300194,117.90299274960671,0.9741654919137116,0.7,0.0,0.8695652173913043,19.166666666666668,4.121739130434783,3.075730245641914,1.0252434152139713,0.09245614035087722,8.540000000000006,0.8638869565217392,0.08695652173913043,-0.34925025783384944,0.204345703125,0.8100875,0.56260777,1.0
0.0,71.98710231083598,77.5935230961971,0.9277462787917166,0.6388888888888888,0.0,0.0,18.0,3.8472222222222223,3.233063462341546,3.233063462341546,0.08295774647887327,2.08,0.8955555555555557,0.06944444444444445,-0.2708143149313086,0.4541015625,0.61626,0.24542849,0.5
0.0,120.84956746549868,130.3254658608089,0.9272905081695181,0.5,0.0,0.8264462809917356,17.285714285714285,3.7851239669421486,5.385349828959045,3.231209897375427,0.05545454545454549,2.0500000000000007,0.9042213114754099,0.040983606557377046,-0.2291340138035815,0.177978515625,0.5736337,0.20842977,0.5714285714285714
0.0,78.90178371714376,96.6873368146214,0.8160508533648219,0.6708860759493671,0.0,0.0,15.8,4.734177215189874,2.4477806788511747,1.2238903394255873,0.04461538461538445,1.38,0.9708101265822785,0.02531645569620253,-0.15000000099341074,0.0270843505859375,0.9461547,0.8441339,1.0
0.0,78.89480692410119,81.43210555250138,0.9688415446071904,0.5822784810126582,3.7974683544303796,1.2658227848101267,39.5,4.544303797468355,1.0307861462341947,1.0307861462341947,0.03794871794871795,1.1799999999999997,0.9282784810126583,0.02531645569620253,-0.24008670583637598,0.5146484375,0.09840886,0.0810873,0.0
0.0,113.85827017410618,115.67597620102083,0.9842862270402988,0.54,0.0,0.8771929824561403,22.8,3.807017543859649,3.0441046368689695,0.0,0.030796460176991156,0.9399999999999977,0.8761666666666666,0.043859649122807015,-0.3094078151604875,0.270263671875,0.5633209,0.051163282,0.6
0.0,93.88313505584195,96.11011765608042,0.9768288432628134,0.6702127659574468,0.0,1.0638297872340425,15.666666666666666,4.914893617021277,2.0448961203421367,1.0224480601710684,0.04989247311827947,2.6399999999999935,0.9791063829787234,0.0,-0.1300503353117542,0.047210693359375,0.8115201,0.4435582,0.8333333333333334
0.0,67.83028093655759,113.38737949167397,0.5982172023081138,0.6376811594202898,1.4492753623188406,0.0,23.0,4.231884057971015,4.929886064855389,4.929886064855389,0.08808823529411779,2.0400000000000027,0.9654202898550723,0.028985507246376812,-0.16725353651029062,0.1558837890625,0.967542,0.9598109,1.0
0.0,102.87194585906086,124.61012079166747,0.8255504866338256,0.56,0.0,0.970873786407767,11.444444444444445,4.543689320388349,8.468648985841478,7.258841987864124,0.12725490196078448,3.1400000000000006,0.9666990291262136,0.019417475728155338,-0.16472243039384105,0.44384765625,0.72715396,0.24321036,0.7777777777777778
0.0,79.90054047305698,90.64353368150837,0.8814808649649655,0.6125,0.0,0.0,20.0,4.075,2.266088342037709,1.1330441710188546,0.05506329113924043,3.009999999999998,0.9076374999999999,0.05,-0.19500000659463018,0.00942230224609375,0.41089535,0.1267109,0.25
0.0,83.89556749670982,118.83796979240196,0.7059660110591504,0.8095238095238095,0.0,0.0,14.0,5.785714285714286,4.244213206871499,2.8294754712476657,0.27542168674698786,18.439999999999998,0.9183214285714285,0.011904761904761904,-0.28284719057389157,0.0406494140625,0.8165323,0.09845896,0.8333333333333334
0.0,115.85578368593261,123.45090509600814,0.9384765838357461,0.6,0.0,0.8620689655172413,23.2,4.017241379310345,1.0642319404828289,0.0,0.01470085470085473,0.740000000000002,0.9534830508474575,0.0423728813559322,-0.18402968896092042,0.3662109375,0.55442256,0.30656287,0.6
0.0,150.46604527296938,153.5743408534928,0.9797603195739015,0.61,1.7699115044247788,0.0,18.833333333333332,3.893805309734513,1.359064963305246,0.0,0.02142857142857148,0.9000000000000021,0.9585575221238939,0.035398230088495575,-0.09371603200738521,0.046966552734375,0.83897,0.40292364,0.8333333333333334
0.0,64.91344873501997,72.84817692767484,0.8910785619174435,0.7538461538461538,0.0,0.0,21.666666666666668,5.3538461538461535,4.482964734010759,1.1207411835026897,0.08531249999999999,2.039999999999999,0.9261846153846154,0.046153846153846156,-0.25353835488437976,0.243408203125,0.58155125,0.09087835,0.6666666666666666
0.0,106.75398087942298,109.67378185199328,0.9733774022992057,0.62,0.0,1.8518518518518519,15.428571428571429,3.9444444444444446,4.061991920444195,2.0309959602220977,0.06878504672897201,2.9399999999999995,0.9804166666666666,0.009259259259259259,-0.16852268599628834,0.1400146484375,0.93288666,0.8773273,1.0
0.0,80.88097353731814,97.45322245322245,0.8299466297909339,0.68,0.0,0.0,18.75,4.48,2.5987525987525983,2.5987525987525983,0.07202702702702703,2.210000000000001,0.9213466666666664,0.06666666666666667,-0.25147255607635566,0.09161376953125,0.6886679,0.1797385,0.75
0.0,136.82967556011008,142.80083778228735,0.9581853838191001,0.55,0.0,0.0,17.125,3.9416058394160585,6.254051289735212,1.0423418816225354,0.04051470588235283,1.5300000000000011,0.9761094890510947,0.0,-0.15727209115372265,0.06280517578125,0.90503603,0.58150953,1.0
0.0,30.961459433309578,94.23118938379261,0.3285691248914112,0.8387096774193549,0.0,0.0,15.5,5.548387096774194,3.039715786573955,3.039715786573955,0.1503333333333335,3.5500000000000043,0.8936451612903227,0.06451612903225806,-0.31150267098812345,0.04217529296875,0.9142866,0.8929848,1.0
0.0,90.96967677440854,100.00732654406917,0.9096301232922358,0.7142857142857143,0.0,0.0,15.166666666666666,4.7032967032967035,4.395926441497546,4.395926441497546,0.08022222222222222,2.989999999999995,0.9634945054945054,0.01098901098901099,-0.20618206886619617,0.24951171875,0.56064266,0.08063638,0.5
0.0,111.86064028564412,115.39501757970972,0.9693714913503593,0.5,0.0,0.0,16.0,3.455357142857143,6.181875941770163,4.121250627846775,0.09945945945945951,2.8599999999999994,0.9085267857142857,0.03571428571428571,-0.2686465739650835,0.04315185546875,0.78001446,0.21065247,0.7142857142857143
0.0,137.15046604527296,139.27702154511854,0.9847314691522414,0.73,0.0,0.0,10.3,4.786407766990291,2.7044081853421074,0.0,0.03568627450980395,0.7800000000000011,0.8833883495145632,0.07766990291262135,-0.34598555777068646,0.2744140625,0.8452969,0.34456336,0.8888888888888888
0.0,139.5927520723359,147.26216814159292,0.9479199840254774,0.58,0.0,0.0,23.666666666666668,3.711267605633803,2.0741150442477876,1.0370575221238938,0.024255319148936232,1.6999999999999993,0.9910845070422534,0.0,-0.08692338002780463,0.052154541015625,0.8398114,0.5460682,1.0
0.0,157.12383488681758,163.2088520055325,0.96271637816245,0.51,0.0,0.0,16.857142857142858,3.7203389830508473,0.0,0.0,0.02186440677966095,0.5,0.9023361344537812,0.058823529411764705,-0.25918437020059976,0.1744384765625,0.72665936,0.18409263,0.7142857142857143
0.0,81.89081225033289,159.32642487046633,0.5139813581890812,0.7317073170731707,0.0,0.0,20.5,3.682926829268293,5.829015544041451,1.9430051813471505,0.15000000000000002,9.89,0.9362317073170731,0.036585365853658534,-0.15301255284974757,0.204345703125,0.66620684,0.37953088,0.75
0.0,42.9427430093209,47.59445100354191,0.9022636484687084,0.7906976744186046,0.0,0.0,14.333333333333334,4.837209302325581,3.320543093270366,3.320543093270366,0.2304761904761905,3.5500000000000043,0.7883255813953487,0.13953488372093023,-0.29330237910888224,0.15478515625,0.64993685,0.32900158,0.6666666666666666
0.0,143.97435456809254,145.48715147649884,0.9896018521700821,0.63,0.0,0.0,20.571428571428573,4.5,3.030982322427059,0.0,0.028811188811188805,0.9199999999999999,0.9642569444444445,0.006944444444444444,-0.12857551144911494,0.0577392578125,0.9611149,0.91609645,1.0
0.0,81.87772925764192,93.13877677739832,0.8790938864628821,0.475,0.0,2.5,10.0,4.075,9.313877677739832,5.821173548587395,0.16278481012658216,2.3999999999999986,0.7175375,0.25,-0.5673610973925818,0.148681640625,0.6436663,0.11993216,0.625
0.0,112.85951341819298,118.03621169916435,0.9561431343275817,0.71,0.0,0.0,18.833333333333332,4.619469026548672,1.0445682451253482,0.0,0.047499999999999966,0.8399999999999999,0.9620176991150442,0.017699115044247787,-0.19008161016037847,0.051788330078125,0.77554375,0.48986474,0.8333333333333334
0.0,147.8159998751554,182.44575936883632,0.8101914803967977,0.65,0.0,0.0,14.8,4.101351351351352,4.930966469428008,1.232741617357002,0.03850340136054418,1.3400000000000016,0.9721689189189191,0.013513513513513514,-0.14134128339770172,0.043914794921875,0.84047604,0.2988843,0.9
0.0,125.7524173710641,130.77014762723698,0.9616293905970342,0.55,0.0,0.0,17.333333333333332,4.009615384615385,1.2574052656465093,0.0,0.014814814814814845,0.8000000000000007,0.9041100917431192,0.07339449541284404,-0.2303089559886394,0.055633544921875,0.631689,0.05781104,0.6
0.0,152.990264255911,155.93989225971083,0.9810848400556328,0.63,0.0,0.0,36.666666666666664,3.9454545454545453,1.4176353841791893,1.4176353841791893,0.024954128440366995,1.2599999999999998,0.9566909090909091,0.00909090909090909,-0.17204195738451122,0.25,0.7796352,0.6888121,1.0
0.0,61.91744340878828,69.40298507462687,0.8921438082556592,0.7258064516129032,0.0,1.6129032258064515,31.0,4.709677419354839,2.238805970149254,2.238805970149254,0.06475409836065567,1.83,0.902,0.04838709677419355,-0.18210508288982194,0.061553955078125,0.2844727,0.23656827,0.0
0.0,84.89432425262304,136.21794871794873,0.6232242156898443,0.4588235294117647,0.0,1.1764705882352942,12.142857142857142,3.976470588235294,4.8076923076923075,3.2051282051282053,0.1285714285714285,5.059999999999995,0.8754588235294116,0.08235294117647059,-0.3185334578793273,0.378662109375,0.5988316,0.10997889,0.5714285714285714
0.0,117.96067977340887,167.36006051437215,0.7048317227590803,0.72,0.0,0.0,14.75,3.864406779661017,2.83661119515885,0.0,0.037435897435897474,0.980000000000004,0.9606440677966102,0.00847457627118644,-0.15850446346969832,0.4794921875,0.77273023,0.50940067,1.0
0.0,86.89183776444946,88.95298123488294,0.9768288432628134,0.7471264367816092,0.0,0.0,21.75,4.390804597701149,3.067344180513205,0.0,0.03139534883720923,0.8800000000000008,0.9225517241379311,0.022988505747126436,-0.22557929702826013,0.148681640625,0.9175794,0.73502,1.0
0.0,148.81460180858014,152.1786311583194,0.977894206800694,0.65,0.0,0.0,29.8,4.174496644295302,2.0426661900445557,0.0,0.02635135135135137,0.7000000000000028,0.9412751677852349,0.026845637583892617,-0.26479478105685456,0.073486328125,0.7537669,0.39688632,0.8
0.0,124.84459448915152,151.20967741935485,0.8256389182215887,0.67,0.0,0.0,20.833333333333332,4.424,4.838709677419355,3.629032258064516,0.05419354838709677,1.9799999999999969,0.9835599999999998,0.008,-0.12304659699789935,0.034912109375,0.8238353,0.1368497,0.8333333333333334
0.0,131.8242343541944,135.2335852836718,0.9747891699955614,0.5959595959595959,0.0,0.0,12.375,4.333333333333333,4.097987432838539,0.0,0.038775510204081556,0.9600000000000009,0.9703838383838383,0.010101010101010102,-0.15307962654501045,0.2015380859375,0.92152643,0.70579946,1.0
0.0,86.89183776444946,90.53275796470393,0.9597833946285612,0.4827586206896552,0.0,3.4482758620689653,21.75,4.436781609195402,4.162425653549606,2.081212826774803,0.06523255813953485,1.7299999999999969,0.8278045977011494,0.09195402298850575,-0.41465944916774067,0.2379150390625,0.38315275,0.12756634,0.25
0.0,126.5432098765432,130.57324840764332,0.9691358024691358,0.6463414634146342,0.0,2.4390243902439024,82.0,3.7804878048780486,0.0,0.0,0.01585365853658532,0.35999999999999943,0.878710843373494,0.08433734939759036,-0.2718098923754998,0.185791015625,0.14685844,0.14685844,0.0
0.0,120.83888149134486,138.25411334552103,0.874034620505992,0.64,0.0,0.0,24.2,4.454545454545454,4.570383912248629,2.2851919561243146,0.04266666666666661,2.1400000000000006,0.9480661157024793,0.008264462809917356,-0.16316203499013515,0.0770263671875,0.77278674,0.50298816,1.0
0.0,99.56963978466362,126.26845018450183,0.7885551746233816,0.6438356164383562,0.0,1.36986301369863,10.428571428571429,4.2465753424657535,3.459409594095941,3.459409594095941,0.10097222222222224,3.549999999999997,0.9585068493150686,0.0136986301369863,-0.19977214011467165,0.2491455078125,0.72462267,0.092516616,0.7142857142857143
0.0,89.8881080321891,109.08209437621203,0.8240409074121275,0.7777777777777778,0.0,1.1111111111111112,18.0,5.466666666666667,4.848093083387202,1.2120232708468004,0.06516853932584271,1.1600000000000001,0.9304888888888889,0.044444444444444446,-0.26831403879347876,0.0633544921875,0.7140302,0.15019833,0.8
0.0,139.97506694120108,142.3663964459246,0.9832029919670559,0.6,0.0,0.7142857142857143,70.0,4.142857142857143,1.0169028317566042,1.0169028317566042,0.02431654676258997,1.2999999999999972,0.9509857142857143,0.007142857142857143,-0.21372502545273783,0.361572265625,0.9150341,0.8653799,1.0
0.0,122.84708097732509,129.7103487064117,0.9470877397406353,0.69,6.504065040650406,0.0,24.6,3.9186991869918697,6.327334083239595,5.272778402699663,0.07770491803278688,1.8999999999999986,0.9425934959349594,0.04065040650406504,-0.2512862219857163,0.9541015625,0.751463,0.4798014,0.8
0.0,97.20372836218375,100.00913325417847,0.9719485130936528,0.6712328767123288,0.0,0.0,36.5,3.7534246575342465,0.0,0.0,0.010555555555555552,0.3200000000000003,0.9581643835616438,0.0,-0.16868489570651493,0.055206298828125,0.58894,0.303568,0.5
0.0,65.91794589027201,77.78938670876985,0.8473899676964611,0.7272727272727273,0.0,1.5151515151515151,16.5,5.212121212121212,4.714508285379991,4.714508285379991,0.10646153846153843,1.9299999999999997,0.9670606060606061,0.030303030303030304,-0.1943307981777348,0.040191650390625,0.8497855,0.4770948,0.75
0.0,98.70173569245436,123.17518248175183,0.801311869029111,0.5353535353535354,4.040404040404041,2.0202020202020203,19.8,3.9292929292929295,7.465162574651626,3.732581287325813,0.11316326530612243,3.3600000000000003,0.9275151515151515,0.0707070707070707,-0.2500663524638062,0.04461669921875,0.6389797,0.13035892,0.6
0.0,67.91538874485536,73.66382753998023,0.921963886657872,0.6470588235294118,0.0,0.0,22.666666666666668,4.470588235294118,3.2498747444108926,2.166583162940595,0.06611940298507464,1.3499999999999996,0.9045735294117647,0.029411764705882353,-0.2509680278235819,0.297119140625,0.6849778,0.39195824,0.6666666666666666
0.0,77.89613848202396,103.72340425531915,0.7509986684420772,0.6538461538461539,0.0,0.0,19.5,4.0,6.648936170212766,5.319148936170213,0.17844155844155846,4.93,0.9412435897435896,0.01282051282051282,-0.29343873074945664,0.203125,0.8586615,0.647778,1.0
0.0,83.89556749670982,109.69234724483674,0.7648260758743023,0.7380952380952381,0.0,0.0,12.0,4.4523809523809526,6.529306383621234,1.3058612767242468,0.08409638554216833,1.9599999999999937,0.8985476190476192,0.03571428571428571,-0.2602993867332184,0.1041259765625,0.49687308,0.116004914,0.4285714285714285
0.0,104.54990489581671,114.98178506375228,0.9092736283216376,0.67,0.0,0.9900990099009901,50.5,4.1683168316831685,2.276867030965392,2.276867030965392,0.047499999999999966,2.9499999999999993,0.950940594059406,0.009900990099009901,-0.18067507245450395,0.0406494140625,0.7130655,0.47528443,0.5
0.0,144.8069241011984,145.30999465526457,0.996537949400799,0.69,0.0,0.0,24.166666666666668,4.103448275862069,3.006413682522715,2.0042757883484765,0.03791666666666665,1.6799999999999997,0.9663448275862069,0.013793103448275862,-0.11658639135365309,0.8955078125,0.8308746,0.3321771,0.8333333333333334
0.0,90.89502098487814,106.53804701588894,0.853169581485966,0.6923076923076923,0.0,0.0,13.0,3.9038461538461537,6.146425789378208,6.146425789378208,0.1368627450980393,2.6099999999999994,0.9459230769230769,0.057692307692307696,-0.27367422978083294,0.003326416015625,0.9674669,0.94065934,1.0
0.0,114.8570269300194,117.2618092944854,0.9794921946119153,0.66,0.0,0.8695652173913043,23.0,4.408695652173913,1.0196679069085688,0.0,0.018245614035087742,0.6400000000000006,0.8223043478260869,0.11304347826086956,-0.3478634401138489,0.0797119140625,0.3016446,0.0818251,0.4
0.0,114.8570269300194,124.13644214162349,0.9252482586779998,0.55,0.0,0.8695652173913043,57.5,4.034782608695652,0.0,0.0,0.010526315789473639,0.3199999999999932,0.9189217391304348,0.043478260869565216,-0.2089470139449191,0.01885986328125,0.36058664,0.310135,0.0
0.0,129.83837826871758,165.59103260869566,0.784090637175599,0.44,3.076923076923077,29.23076923076923,130.0,3.1923076923076925,5.095108695652174,2.547554347826087,0.07100775193798448,5.480000000000004,0.7593076923076922,0.2230769230769231,-0.6752255016831847,0.1744384765625,0.19206877,0.19206877,0.0
0.0,109.86324315045334,155.30873493975903,0.7073861183214645,0.54,0.0,0.0,12.222222222222221,4.281818181818182,4.235692771084337,1.4118975903614457,0.040917431192660655,1.120000000000001,0.979381818181818,0.00909090909090909,-0.17784704609326724,0.0262908935546875,0.8526937,0.545953,1.0
0.0,121.84832422141189,125.1481272125584,0.9736328216438912,0.62,0.0,0.819672131147541,30.5,4.327868852459017,0.0,0.0,0.006280991735537188,0.3000000000000007,0.9357868852459016,0.02459016393442623,-0.16250590601855328,0.11114501953125,0.7342533,0.15052807,0.75
0.0,104.86945937088728,112.76845436737233,0.92995385951862,0.51,0.0,3.8095238095238093,21.0,4.885714285714286,2.1479705593785208,2.1479705593785208,0.054807692307692286,2.9800000000000004,0.9018666666666666,0.0380952380952381,-0.3427909820479665,0.11297607421875,0.46325898,0.10465315,0.4
0.0,126.66666666666667,129.94710924676272,0.9747555555555555,0.6526315789473685,0.0,0.0,19.0,4.094736842105263,0.0,0.0,0.01148936170212764,0.34000000000000163,0.9355894736842105,0.031578947368421054,-0.1500089749865148,0.126953125,0.8325097,0.28900325,0.8
0.0,109.40499040307103,152.8969957081545,0.7155470249520154,0.7105263157894737,0.0,0.0,19.0,4.368421052631579,0.0,0.0,0.01135135135135135,0.379999999999999,0.9522631578947368,0.0,-0.20882161613553762,0.02166748046875,0.61470395,0.26495883,0.5
0.0,88.88935127627589,100.41616766115185,0.8852095568537082,0.7415730337078652,0.0,0.0,14.833333333333334,5.101123595505618,3.3848146402635453,1.128271546754515,0.10295454545454544,6.480000000000004,0.9744943820224719,0.011235955056179775,-0.16739383051697376,0.004444122314453125,0.64207375,0.17475574,0.6666666666666666
0.0,131.8357546223663,147.32142857142856,0.894885122285153,0.61,0.0,0.0,13.2,4.371212121212121,1.1160714285714286,1.1160714285714286,0.04290076335877862,2.5,0.96925,0.0,-0.13497191059311933,0.1468505859375,0.94807637,0.75724506,1.0
0.0,96.88147462901092,112.80765724703738,0.8588200215597979,0.7121212121212122,0.0,0.0,13.2,4.363636363636363,6.83682771194166,5.127620783956245,0.09492307692307689,2.3299999999999983,0.9489545454545455,0.030303030303030304,-0.1942536978261139,0.1844482421875,0.42993903,0.07208595,0.4
0.0,118.85205395367225,118.85205395367225,1.0,0.53,3.361344537815126,0.8403361344537815,39.666666666666664,4.260504201680672,1.9975135118264244,0.9987567559132122,0.032203389830508494,1.980000000000004,0.8421764705882352,0.11764705882352941,-0.33311149387729194,0.3720703125,0.5099862,0.15825345,0.3333333333333333
0.0,177.5568181818182,179.71246006389777,0.9880050505050504,0.64,0.0,0.0,15.0,3.7866666666666666,2.3961661341853033,0.0,0.03054054054054053,0.9599999999999991,0.9677333333333333,0.013333333333333334,-0.12328125044703483,0.09130859375,0.9033133,0.77877194,1.0
0.0,117.85329719775903,133.92857142857142,0.8799712857432674,0.68,1.694915254237288,1.694915254237288,23.6,4.135593220338983,0.0,0.0,0.0073504273504273725,0.3200000000000003,0.9730508474576272,0.00847457627118644,-0.12270748669149528,0.08251953125,0.74569046,0.35422775,0.6
0.0,77.90294591321644,83.42840844266972,0.9337700115273054,0.6410256410256411,0.0,0.0,39.0,3.9358974358974357,1.069594980034227,1.069594980034227,0.036363636363636376,1.5399999999999991,0.9351923076923077,0.038461538461538464,-0.20223967022628098,0.29345703125,0.69443995,0.41245273,0.5
0.0,58.23430094686906,89.12852112676056,0.6533744777841308,0.7777777777777778,0.0,0.0,54.0,3.8703703703703702,4.951584507042254,4.951584507042254,0.12037735849056598,2.219999999999999,0.9238518518518517,0.037037037037037035,-0.2167075146598364,0.36572265625,0.31851736,0.31851736,0.0
0.0,142.82221609558934,162.17231517282195,0.8806818595602348,0.66,0.0,0.0,15.88888888888889,4.2377622377622375,3.4022164022270345,1.134072134075678,0.07880281690140839,7.809999999999995,0.9134055944055943,0.027972027972027972,-0.20319356277052844,0.06488037109375,0.71729237,0.16501714,0.7777777777777778
0.0,148.95541566721337,153.4245277993169,0.9708709409361894,0.69,0.0,0.0,27.0,4.111111111111111,3.4094339510959317,1.1364779836986438,0.03179104477611945,1.0800000000000018,0.9506592592592592,0.022222222222222223,-0.1946775799138205,0.0595703125,0.69513315,0.3264152,0.6
0.0,100.87443234723443,102.87456750984343,0.9805575351515561,0.63,1.9801980198019802,0.0,14.428571428571429,3.891089108910891,4.074240297419542,2.037120148709771,0.06554455445544556,1.9999999999999982,0.6406764705882353,0.3431372549019608,-0.608120283760115,0.64599609375,0.56806856,0.14823353,0.4285714285714285
0.0,113.31551761584151,145.3488372093023,0.7796107611969896,0.76,0.0,0.0,25.0,4.32,2.9069767441860463,2.9069767441860463,0.06040816326530616,1.700000000000001,0.99736,0.0,-0.077219199443209,0.00745391845703125,0.93306565,0.88959116,1.0
0.0,117.85329719775903,119.9294906066878,0.9826882162308376,0.59,0.0,0.0,23.6,4.067796610169491,2.0327032306218276,1.0163516153109138,0.025726495726495744,1.3399999999999999,0.9395593220338982,0.03389830508474576,-0.26750599435636124,0.1712646484375,0.580792,0.22044107,0.4
0.0,121.89789617584263,132.94572388075537,0.916899713789802,0.69,0.0,0.0,20.666666666666668,3.8306451612903225,3.216428803566662,2.1442858690444413,0.05024390243902436,2.1400000000000006,0.9703951612903225,0.008064516129032258,-0.12872903419091417,0.0631103515625,0.96423906,0.937916,1.0
0.0,90.66666666666667,92.54218835057158,0.9797333333333333,0.5882352941176471,0.0,4.411764705882353,34.0,4.029411764705882,2.721829069134458,1.360914534567229,0.07611940298507466,2.2200000000000024,0.9238382352941176,0.0,-0.33701950146560283,0.19140625,0.87218916,0.80834496,1.0
0.0,104.86945937088728,138.74207188160676,0.755859112875119,0.57,0.0,0.0,11.666666666666666,3.961904761904762,14.534883720930232,10.570824524312895,0.19778846153846133,6.049999999999997,0.9482666666666666,0.02857142857142857,-0.22393629849526633,0.45263671875,0.9188615,0.5534638,1.0
0.0,69.91297291392485,112.87079820817607,0.6194070922133386,0.6857142857142857,0.0,0.0,14.0,4.7,14.511959769622639,11.287079820817608,0.264782608695652,4.130000000000003,0.9523857142857143,0.0,-0.18118418097059372,0.05224609375,0.5862088,0.053047147,0.6
0.0,70.9116558953637,99.13720379560515,0.7152880369872534,0.6056338028169014,2.816901408450704,0.0,17.75,4.802816901408451,4.1888959350255695,2.792597290017046,0.20814285714285716,8.189999999999998,0.8740281690140844,0.07042253521126761,-0.38559446370152806,0.314453125,0.6834503,0.42048833,0.5
0.0,125.97756024708097,128.19928545008062,0.9826697536168035,0.66,0.0,0.0,25.2,4.738095238095238,2.0349092928584223,0.0,0.024285714285714192,0.5999999999999979,0.972275590551181,0.0,-0.11161876740377574,0.041656494140625,0.7270534,0.42559806,0.8
0.0,141.8109187749667,144.4655453065654,0.981624500665779,0.61,0.0,0.0,35.5,4.838028169014085,0.0,0.0,0.01886524822695037,0.480000000000004,0.9787112676056339,0.007042253521126761,-0.08930221022751068,0.296875,0.89755064,0.6713977,1.0
0.0,97.20372836218375,125.22872827081427,0.7762094984465157,0.547945205479452,0.0,2.73972602739726,36.5,3.5753424657534247,6.86184812442818,6.86184812442818,0.10402777777777776,2.5899999999999963,0.9498904109589041,0.0136986301369863,-0.1337002858274564,0.162109375,0.5030128,0.22127146,0.5
0.0,134.83216204828364,138.1811900854996,0.9757635027231727,0.63,0.0,0.7407407407407407,33.75,4.125925925925926,0.0,0.0,0.012444444444444475,0.4599999999999991,0.9520514705882351,0.022058823529411766,-0.13681340639402936,0.074951171875,0.73413724,0.41802636,0.75
0.0,80.89929722897018,123.97959183673467,0.6525210805299653,0.5679012345679012,0.0,1.2345679012345678,9.0,4.0246913580246915,7.653061224489795,4.591836734693877,0.12524999999999997,3.1099999999999994,0.9356913580246913,0.037037037037037035,-0.2397954147951356,0.359619140625,0.83689284,0.44492498,0.875
0.0,131.8242343541944,132.81459618996513,0.9925432756324899,0.5454545454545454,0.0,0.0,49.5,3.888888888888889,0.0,0.0,0.006938775510204069,0.2400000000000002,0.9409696969696969,0.020202020202020204,-0.166994043700397,0.4775390625,0.3495688,0.26061246,0.0
0.0,135.83091880419687,136.52176913641824,0.9949396324367064,0.59,0.0,0.7352941176470589,27.2,4.080882352941177,1.0038365377677811,1.0038365377677811,0.01911111111111113,1.4600000000000009,0.980455882352941,0.007352941176470588,-0.09295376511406164,0.052093505859375,0.6982816,0.49132073,0.8
0.0,278.29560585885486,290.14345210550675,0.9591655570350642,0.4,0.0,0.0,209.0,4.837320574162679,2.7764923646459976,2.7764923646459976,0.016298076923076898,1.25,0.9752488038277511,0.004784688995215311,-0.13740162288701094,0.034027099609375,0.91240335,0.91240335,1.0
0.0,128.83962151280437,133.63259668508286,0.9641331883748875,0.59,0.0,0.0,18.428571428571427,3.86046511627907,2.071823204419889,0.0,0.022031250000000002,0.879999999999999,0.9442558139534885,0.0,-0.18518462668079108,0.032012939453125,0.68928444,0.13824606,0.8571428571428571
0.0,72.9092431816645,93.23910081743868,0.7819599560963175,0.6164383561643836,0.0,0.0,18.25,4.780821917808219,3.831743869209809,3.831743869209809,0.13527777777777786,3.3599999999999994,0.8067808219178083,0.1506849315068493,-0.43504938120666725,0.0113677978515625,0.5624784,0.07904762,0.5
0.0,103.86491620905784,105.96542488434379,0.9801774146842844,0.6,2.9411764705882355,0.0,17.0,4.333333333333333,1.03887671455239,0.0,0.0273267326732673,0.8400000000000034,0.9420490196078428,0.058823529411764705,-0.1830499314817899,0.052978515625,0.80433303,0.41788083,0.8333333333333334
0.0,89.8881080321891,103.66536245082195,0.8670987676798152,0.6111111111111112,0.0,1.1111111111111112,10.0,4.688888888888889,9.214698884517507,3.4555120816940645,0.12617977528089896,2.6999999999999993,0.958011111111111,0.03333333333333333,-0.2541978090739033,0.026214599609375,0.85519373,0.45061347,0.8888888888888888
0.0,97.8781620794948,127.0746887966805,0.7702412101602691,0.4387755102040816,0.0,0.0,24.5,4.1020408163265305,2.5933609958506225,2.5933609958506225,0.05948453608247413,3.559999999999995,0.9260408163265307,0.02040816326530612,-0.17317429309621946,0.243896484375,0.31610632,0.06332406,0.25
0.0,120.84956746549868,130.9271413451817,0.9230291460109551,0.58,0.0,0.0,17.285714285714285,4.074380165289257,5.410212452280236,4.328169961824188,0.0749999999999999,2.72,0.9042727272727271,0.03305785123966942,-0.28776895029115535,0.1708984375,0.5790115,0.18285479,0.4285714285714285
0.0,145.81833465807182,145.81833465807182,1.0,0.66,0.0,0.684931506849315,20.857142857142858,4.294520547945205,3.9950228673444332,0.9987557168361083,0.03931034482758623,1.44,0.9670890410958903,0.0273972602739726,-0.1042537290763883,0.0288543701171875,0.8826356,0.7801454,1.0
0.0,101.25389762993379,109.11016949152541,0.9279968870160923,0.52,0.0,0.0,11.444444444444445,4.077669902912621,6.3559322033898304,6.3559322033898304,0.10803921568627457,2.8400000000000034,0.8793300970873786,0.06796116504854369,-0.2592423592440151,0.2274169921875,0.872061,0.50944185,1.0
0.0,118.85205395367225,124.45379881494361,0.9549893622001779,0.49,0.0,2.5210084033613445,29.75,4.294117647058823,0.0,0.0,0.014710743801652916,0.46000000000000085,0.9264098360655737,0.040983606557377046,-0.20714290514174916,0.07177734375,0.6590022,0.17898518,0.75
0.0,133.83340529237043,135.60308269321385,0.9869495783894006,0.45,3.7313432835820897,2.2388059701492535,19.142857142857142,3.9328358208955225,0.0,0.0,0.012330827067669201,0.2600000000000007,0.9303507462686568,0.04477611940298507,-0.2211619532061002,0.2178955078125,0.341316,0.11745845,0.1428571428571428
0.0,88.47427948246643,134.69462203660137,0.656850868614671,0.5333333333333333,6.666666666666667,0.0,30.0,3.7222222222222223,8.979641469106758,5.9864276460711725,0.11876404494382019,2.8200000000000003,0.9530666666666666,0.03333333333333333,-0.1484330808238139,0.02362060546875,0.59954697,0.39591324,0.3333333333333333
0.0,141.82345933967613,143.93183509922238,0.9853515675799395,0.64,0.0,0.0,14.2,4.380281690140845,6.08162683517841,2.02720894505947,0.04737588652482268,1.6600000000000037,0.95843661971831,0.007042253521126761,-0.1354493100171352,0.21923828125,0.9555611,0.8791692,1.0
0.0,129.16111850865514,130.97488522819336,0.9861517976031957,0.7938144329896907,0.0,1.0309278350515463,24.25,5.494845360824742,0.0,0.0,0.019374999999999976,0.3000000000000007,0.9051443298969072,0.041237113402061855,-0.25102487002489515,0.0131378173828125,0.75764,0.161359,0.75
0.0,72.90279627163781,75.2473886750962,0.9688415446071904,0.5753424657534246,4.109589041095891,0.0,36.5,4.47945205479452,0.0,0.0,0.04361111111111109,0.4800000000000004,0.8133287671232877,0.1232876712328767,-0.37834609798726193,0.28271484375,0.2676751,0.17228153,0.0
0.0,117.06629055007053,122.93867877950034,0.9522331922896099,0.5542168674698795,0.0,0.0,41.5,3.6506024096385543,0.0,0.0,0.008780487804878036,0.46000000000000085,0.9399638554216865,0.012048192771084338,-0.17158588422952514,0.15283203125,0.20042127,0.16461419,0.0
0.0,82.89681074079661,93.02151823072326,0.8911573614094954,0.5903614457831325,2.4096385542168677,1.2048192771084338,83.0,3.783132530120482,4.482964734010759,3.3622235505080695,0.10256097560975608,3.0299999999999976,0.8497951807228914,0.08433734939759036,-0.3088582988803502,0.56982421875,0.34317786,0.34317786,0.0
0.0,101.19840213049268,104.04307748471297,0.97265867731913,0.6710526315789473,0.0,0.0,15.2,4.802631578947368,1.36898786164096,1.36898786164096,0.028800000000000003,1.1400000000000006,0.7997236842105263,0.14473684210526316,-0.3509271984571939,0.019805908203125,0.59420526,0.11766572,0.6
0.0,88.94070619586942,98.64046106103147,0.9016655562958028,0.5617977528089888,0.0,7.865168539325842,22.25,4.314606741573034,2.216639574405202,1.108319787202601,0.02840909090909092,1.0599999999999987,0.8958651685393259,0.056179775280898875,-0.22712673463479235,0.591796875,0.4713005,0.12176139,0.5
0.0,105.86821612680049,123.21760694358339,0.8591971452202727,0.57,0.0,0.0,26.5,3.707547169811321,3.487290762554247,3.487290762554247,0.05571428571428569,3.1700000000000017,0.8701698113207547,0.0660377358490566,-0.31677281980640376,0.1541748046875,0.41976863,0.1104372,0.25
0.0,122.50332889480693,123.95580706009163,0.988282290279627,0.43478260869565216,0.0,1.0869565217391304,23.0,3.6739130434782608,5.3893829156561575,2.6946914578280787,0.0786813186813187,3.6199999999999974,0.9336086956521739,0.03260869565217391,-0.19948450934060577,0.1502685546875,0.433545,0.065955035,0.25
0.0,134.30851063829786,135.89881593110871,0.9882978723404255,0.71,0.9900990099009901,0.0,14.428571428571429,4.415841584158416,5.382131324004306,1.3455328310010766,0.07459999999999997,2.3999999999999986,0.896861386138614,0.0891089108910891,-0.352692098638196,0.5986328125,0.7113298,0.14423501,0.7142857142857143
0.0,132.83464853645722,137.7888812747198,0.9640447567871243,0.7,0.0,0.0,16.625,4.383458646616542,5.180033130628565,2.072013252251426,0.06015151515151512,2.34,0.9792180451127819,0.007518796992481203,-0.1255642334068263,0.048095703125,0.7508085,0.31063497,0.75
0.0,126.84210800097794,134.01645966590416,0.9464666378830519,0.62,1.5748031496062993,0.0,21.166666666666668,4.543307086614173,4.220990855619029,3.165743141714272,0.0652380952380952,2.7600000000000016,0.9405354330708661,0.031496062992125984,-0.14460266412153544,0.04058837890625,0.6237635,0.17421363,0.6666666666666666
0.0,100.98201257900935,137.34430841276384,0.7352471590997853,0.73,0.0,0.0,20.2,4.871287128712871,2.719689275500274,2.719689275500274,0.04959999999999997,1.8599999999999994,0.8665148514851485,0.06930693069306931,-0.3051844254844211,0.27685546875,0.6261829,0.100428596,0.8
0.0,115.85578368593261,120.33195020746886,0.9628015127003365,0.56,0.0,0.8620689655172413,58.0,4.232758620689655,2.0746887966804977,1.0373443983402488,0.02782608695652175,1.3200000000000003,0.879456896551724,0.05172413793103448,-0.2529352752970798,0.22802734375,0.22684059,0.22684059,0.0
0.0,125.83222370173101,143.79184418746198,0.8750998668442077,0.69,0.0,0.7936507936507936,18.0,5.5476190476190474,3.4236153377967136,1.1412051125989044,0.038079999999999926,1.8599999999999994,0.9276746031746032,0.047619047619047616,-0.2589198329714793,0.69482421875,0.7836383,0.21472263,0.8333333333333334
0.0,79.07025721813235,95.20617333699897,0.8305160731358175,0.4810126582278481,0.0,1.2658227848101267,13.166666666666666,4.620253164556962,3.6154243039366696,3.6154243039366696,0.14562500000000006,4.32,0.8579753086419755,0.09876543209876543,-0.3382504209344219,0.045654296875,0.559118,0.123058416,0.5
0.0,72.92707292707291,98.44466420929606,0.7407925407925408,0.6027397260273972,0.0,0.0,12.166666666666666,4.054794520547945,5.394228175851839,4.045671131888879,0.20069444444444473,5.540000000000006,0.9017945205479454,0.0684931506849315,-0.3213490408273677,0.05230712890625,0.64330894,0.22662936,0.5
0.0,100.89405403066182,104.41959786937953,0.9662367610041184,0.78,0.0,0.0,20.4,5.019607843137255,1.023721547739015,1.023721547739015,0.04980198019801984,2.05,0.8137352941176468,0.12745098039215685,-0.3911305532894768,0.03173828125,0.48376593,0.13133459,0.4
0.0,115.84553928095872,117.37722611980573,0.9869507323568576,0.57,0.0,0.0,16.571428571428573,4.422413793103448,3.0356179168915274,1.0118726389638424,0.03721739130434781,1.0599999999999987,0.9786982758620688,0.017241379310344827,-0.17401652433906892,0.34521484375,0.8230609,0.17923439,0.8571428571428571
0.0,110.79916041721467,132.06388206388206,0.838981549577793,0.8023255813953488,0.0,0.0,17.2,4.883720930232558,7.678132678132678,1.5356265356265357,0.07364705882352938,1.4000000000000004,0.9667790697674417,0.011627906976744186,-0.17121701511207985,0.96142578125,0.9708928,0.94153947,1.0
0.0,134.4873501997337,141.64173522812268,0.9494895694629383,0.6,0.0,0.0,20.2,4.584158415841584,2.804786836200449,1.4023934181002244,0.04349999999999994,1.6999999999999993,0.9554950495049505,0.009900990099009901,-0.19019633425939247,0.323974609375,0.8249998,0.31305668,0.8
0.0,138.8271890719365,142.7429888096942,0.9725674811042504,0.59,0.0,0.7194244604316546,34.75,4.014388489208633,1.0269279770481596,0.0,0.0072857142857142955,0.5399999999999991,0.9163829787234041,0.03546099290780142,-0.19702937819792446,0.1856689453125,0.6074195,0.10333694,0.5
0.0,130.83713502463078,137.00376172065222,0.9549893622001779,0.52,0.0,0.7633587786259542,43.666666666666664,3.595419847328244,1.0458302421423833,0.0,0.008461538461538472,0.9600000000000009,0.8825496183206106,0.04580152671755725,-0.2979817620597102,0.2271728515625,0.32981881,0.094665974,0.3333333333333333
0.0,94.88189181175515,101.50532847324634,0.9347478919470035,0.5789473684210527,0.0,0.0,23.75,4.147368421052631,4.2739085672945825,4.2739085672945825,0.08489361702127654,3.0100000000000016,0.9095789473684208,0.042105263157894736,-0.2299756975098075,0.1806640625,0.5608702,0.31053615,0.5
0.0,97.86950732356857,98.73723804406232,0.9912117177097204,0.5,0.0,0.0,24.5,3.8877551020408165,1.0075228371843095,1.0075228371843095,0.038762886597938154,2.919999999999998,0.9316836734693879,0.030612244897959183,-0.2044241974405566,0.1568603515625,0.47495952,0.080647446,0.5
0.0,101.87318910314764,115.6403857986237,0.8809481946951451,0.7,0.0,0.0,17.0,4.401960784313726,4.534917090142105,2.2674585450710527,0.09524752475247529,5.92,0.9315196078431373,0.058823529411764705,-0.21866566102786256,0.1888427734375,0.8596125,0.4252577,0.8333333333333334
0.0,103.21999272954416,126.45857039087991,0.8162356446897513,0.67,0.0,1.9047619047619047,17.5,4.20952380952381,2.4087346741119986,2.4087346741119986,0.0738461538461539,4.039999999999999,0.9603809523809524,0.0380952380952381,-0.1089150375210508,0.2086181640625,0.81201434,0.27979884,0.8333333333333334
0.0,112.85951341819298,115.59966794933138,0.976296172992993,0.45,0.0,0.0,37.666666666666664,3.584070796460177,2.04601182211206,0.0,0.01775862068965508,0.8999999999999986,0.9392393162393161,0.02564102564102564,-0.1936337340190778,0.042816162109375,0.50067073,0.3228593,0.3333333333333333
0.0,71.91048642575127,76.0634522375002,0.945401297343411,0.6666666666666666,0.0,0.0,24.0,4.208333333333333,1.0564368366319472,1.0564368366319472,0.04943661971830993,2.210000000000001,0.7807361111111112,0.1388888888888889,-0.37497986799839766,0.76171875,0.6384464,0.29745385,0.5
0.0,120.84956746549868,122.84536775880176,0.9837535567704783,0.64,0.0,0.0,17.285714285714285,4.214876033057851,6.091505839279426,4.061003892852951,0.07066666666666663,1.1799999999999997,0.9737933884297522,0.008264462809917356,-0.15140879187816964,0.0219879150390625,0.71468645,0.1522222,0.7142857142857143
0.0,81.4104748784363,127.56739409499357,0.6381762005564969,0.6415094339622641,0.0,0.0,10.6,3.6226415094339623,4.813863928112965,2.4069319640564824,0.05423076923076919,1.2199999999999989,0.9732830188679246,0.0,-0.16276041604578495,0.009307861328125,0.9392599,0.88285285,1.0
0.0,142.82221609558934,162.71360012137143,0.8777521730762228,0.56,0.0,0.6993006993006993,28.6,3.8461538461538463,1.137857343506094,1.137857343506094,0.04211267605633801,2.4399999999999977,0.6509720279720279,0.3356643356643357,-0.5785751928611487,0.0261077880859375,0.65931684,0.37459436,0.6
0.0,122.83621837549933,122.83621837549933,1.0,0.43,1.6260162601626016,0.0,61.5,3.5284552845528454,0.9986684420772303,0.0,0.008688524590163981,0.8800000000000026,0.899178861788618,0.08130081300813008,-0.27830681947955027,0.72802734375,0.111963704,0.084896855,0.0
0.0,104.86945937088728,106.14157474925634,0.9880149189290414,0.71,0.0,0.0,17.5,4.933333333333334,2.021744280938216,2.021744280938216,0.04019230769230771,1.4000000000000004,0.922952380952381,0.01904761904761905,-0.23486547976342848,0.050201416015625,0.8037875,0.3179328,0.8333333333333334
0.0,141.82345933967613,143.4664965948808,0.9885475891988618,0.59,0.0,0.0,35.5,4.204225352112676,0.0,0.0,0.0060992907801418585,0.28000000000000114,0.9332676056338028,0.035211267605633804,-0.17888454023723582,0.2156982421875,0.77594846,0.17903136,0.75
0.0,65.93406593406593,75.62447483003591,0.8718614718614718,0.7878787878787878,0.0,0.0,16.5,4.878787878787879,2.2916507524253307,2.2916507524253307,0.10630769230769244,3.4100000000000037,0.9460454545454545,0.030303030303030304,-0.20571193852120573,0.377685546875,0.7087051,0.42165157,0.75
0.0,83.57948442534908,106.73868312757202,0.7830290010741138,0.5421686746987951,0.0,0.0,20.75,4.204819277108434,5.1440329218107,3.858024691358025,0.10134146341463408,3.3599999999999994,0.8720602409638554,0.08433734939759036,-0.250334819370792,0.0193634033203125,0.42026168,0.10589363,0.25
0.0,103.87070261497406,104.45492295089342,0.994406962166886,0.61,0.0,0.0,34.666666666666664,4.605769230769231,0.0,0.0,0.018252427184466034,0.4200000000000017,0.9373557692307691,0.038461538461538464,-0.15056239945842,0.1046142578125,0.50774246,0.18582337,0.3333333333333333
0.0,92.88437829992873,102.76491489780486,0.9038530162974214,0.45161290322580644,1.075268817204301,2.150537634408602,31.0,4.408602150537634,1.1049990849226328,0.0,0.01956521739130426,0.8499999999999943,0.9093548387096775,0.043010752688172046,-0.19152625128743606,0.1688232421875,0.35444131,0.089396685,0.3333333333333333
0.0,161.1185086551265,161.98125836680055,0.9946737683089214,0.55,0.0,0.0,60.5,3.9834710743801653,0.0,0.0,0.005833333333333331,0.29999999999999893,0.9062892561983471,0.03305785123966942,-0.1931697003834384,0.443603515625,0.2653422,0.10967706,0.0
0.0,79.57559681697613,111.1111111111111,0.7161803713527852,0.875,0.0,0.0,32.0,3.9375,0.0,0.0,0.018064516129032274,0.33999999999999986,0.9793437500000001,0.0,-0.19016768874191656,0.0012426376342773438,0.93606395,0.93606395,1.0
0.0,77.89613848202396,93.51023017902813,0.8330226364846871,0.5512820512820513,0.0,3.8461538461538463,39.0,3.9615384615384617,3.5965473145780047,3.5965473145780047,0.08155844155844152,2.8200000000000003,0.8918589743589745,0.05128205128205128,-0.22513020467900097,0.0263824462890625,0.23593515,0.08029537,0.0
0.0,86.89183776444946,96.87712774163315,0.8969283027897565,0.6781609195402298,3.4482758620689653,1.1494252873563218,21.75,4.068965517241379,1.1135302039268178,0.0,0.01534883720930233,0.6600000000000001,0.9442298850574714,0.04597701149425287,-0.18774587399017156,0.1640625,0.68952066,0.30052638,0.75
0.0,108.86448639454012,116.93044180799673,0.9310192000582608,0.55,0.0,1.834862385321101,12.11111111111111,4.146788990825688,4.291025387449421,2.1455126937247107,0.04888888888888888,1.3399999999999999,0.9118440366972478,0.03669724770642202,-0.21887087870165298,0.07635498046875,0.54097897,0.10343756,0.625
0.0,129.77099236641223,131.10539845758356,0.989821882951654,0.7764705882352941,0.0,0.0,17.0,5.0588235294117645,0.0,0.0,0.02880952380952383,0.5,0.9273411764705882,0.03529411764705882,-0.2337574206189558,0.2001953125,0.89898837,0.7764132,1.0
0.0,49.937837795660606,105.33707865168539,0.47407654014013806,0.72,0.0,0.0,12.5,4.56,4.213483146067416,4.213483146067416,0.12326530612244903,2.039999999999999,0.9196399999999998,0.04,-0.22153253424657535,0.0092926025390625,0.7872935,0.2508828,0.75
0.0,78.90178371714376,82.11675868348992,0.960848735168202,0.620253164556962,0.0,1.2658227848101267,26.333333333333332,3.7721518987341773,1.0394526415631635,1.0394526415631635,0.019487179487179526,1.0599999999999987,0.987721518987342,0.0,-0.1330775645109537,0.0166473388671875,0.9023373,0.83784515,1.0
0.0,115.85578368593261,128.71086864810823,0.9001243244086787,0.56,0.0,0.0,29.0,3.8017241379310347,2.219152907726004,2.219152907726004,0.03808695652173921,2.0500000000000043,0.8886637931034481,0.07758620689655173,-0.296696557789857,0.1463623046875,0.5682408,0.073696084,0.75
0.0,119.84021304926765,120.39596896459467,0.9953839325343985,0.5111111111111111,0.0,0.0,45.0,4.111111111111111,0.0,0.0,0.014382022471910115,0.2999999999999998,0.9344222222222223,0.03333333333333333,-0.16938743541037915,0.26708984375,0.119021416,0.09994408,0.0
0.0,127.68817204301075,132.18923933209646,0.9659498207885304,0.6210526315789474,0.0,0.0,23.75,4.347368421052631,0.0,0.0,0.02042553191489355,0.4200000000000017,0.9758631578947368,0.010526315789473684,-0.08900981586024236,0.10162353515625,0.76379263,0.5074292,1.0
0.0,97.8781620794948,117.41214057507987,0.8336289722688944,0.5102040816326531,0.0,0.0,16.333333333333332,3.8469387755102042,1.1980830670926517,0.0,0.011340206185566996,0.5399999999999991,0.9590918367346939,0.02040816326530612,-0.1451666993548123,0.053466796875,0.86799103,0.60046643,1.0
0.0,135.83091880419687,136.1572900360938,0.9976029837858083,0.53,0.0,0.7352941176470589,19.428571428571427,4.352941176470588,2.002313088766085,1.0011565443830426,0.029629629629629582,1.1999999999999957,0.9240073529411765,0.022058823529411766,-0.20469131701669738,0.07122802734375,0.73145723,0.27075884,0.7142857142857143
0.0,116.85454044184583,123.8823073962105,0.9432706162641296,0.54,0.0,0.0,39.0,3.5982905982905984,2.1176462802771026,1.0588231401385513,0.02163793103448275,1.5399999999999991,0.9263076923076922,0.042735042735042736,-0.1329344052687449,0.01316070556640625,0.8365864,0.6445308,1.0
0.0,110.66666666666667,111.18056795856403,0.9953777777777778,0.5421686746987951,0.0,0.0,27.666666666666668,4.542168674698795,1.3395249151634219,0.0,0.019999999999999962,0.8000000000000007,0.9047228915662651,0.024096385542168676,-0.2288141521349759,0.1455078125,0.5747825,0.121836424,0.6666666666666666
0.0,121.17177097203728,125.12604271702263,0.9683976919662672,0.6483516483516484,0.0,0.0,15.166666666666666,4.483516483516484,4.12503437528646,1.3750114584288202,0.038666666666666724,1.1600000000000037,0.9614725274725274,0.0,-0.1912529191567653,0.326904296875,0.892984,0.7600219,1.0
0.0,70.96451774112944,75.96561931595278,0.9341662502082293,0.6901408450704225,2.816901408450704,0.0,35.5,4.338028169014085,3.209814900674061,3.209814900674061,0.08414285714285707,2.4800000000000004,0.9461267605633802,0.04225352112676056,-0.21218466367312036,0.174560546875,0.6264134,0.282573,0.5
0.0,113.18242343541944,123.67833931516152,0.9151353750554815,0.6705882352941176,0.0,2.3529411764705883,28.333333333333332,4.470588235294118,1.4550392860607237,1.4550392860607237,0.03119047619047618,2.0799999999999983,0.9470941176470589,0.03529411764705882,-0.224303310289757,0.121826171875,0.7169151,0.2282366,0.6666666666666666
0.0,62.916111850865505,96.34991843393148,0.6529960053262317,0.8253968253968254,0.0,0.0,21.0,4.587301587301587,1.529363784665579,0.0,0.015806451612903234,0.5200000000000031,0.9605238095238093,0.031746031746031744,-0.16883075489953558,0.1273193359375,0.68412024,0.4960455,0.6666666666666666
0.0,63.894523326572006,80.85215605749487,0.79026369168357,0.4603174603174603,0.0,1.5873015873015872,21.0,4.079365079365079,5.13347022587269,3.8501026694045173,0.18564516129032255,4.960000000000001,0.8035396825396827,0.07936507936507936,-0.3197206390737086,0.0018911361694335938,0.67033225,0.13631295,0.6666666666666666
0.0,74.90675669349092,85.7469512195122,0.8735792425054228,0.6533333333333333,4.0,2.6666666666666665,18.75,3.84,4.573170731707317,3.429878048780488,0.09189189189189186,1.6399999999999935,0.9358933333333332,0.013333333333333334,-0.2228376073363636,0.0292816162109375,0.67628145,0.25940248,0.75
0.0,114.04189294026376,118.797478584128,0.9599689681923972,0.6530612244897959,0.0,0.0,16.333333333333332,4.26530612244898,6.061095846128979,1.212219169225796,0.056701030927835024,1.4600000000000009,0.9501428571428571,0.02040816326530612,-0.166207618422184,0.0731201171875,0.9654282,0.9179835,1.0
0.0,72.55835380835381,93.89904610492844,0.7727272727272728,0.6507936507936508,0.0,0.0,15.75,4.492063492063492,8.942766295707472,4.471383147853736,0.17403225806451603,3.169999999999998,0.9725079365079367,0.0,-0.1984968140721321,0.02923583984375,0.96351355,0.935656,1.0
0.0,110.86199990636655,112.02561787027273,0.9896129297385026,0.52,0.0,0.0,111.0,3.7027027027027026,0.0,0.0,0.0058181818181818395,0.2599999999999998,0.9086846846846848,0.05405405405405406,-0.18888522426368953,0.1937255859375,0.21983287,0.21983287,0.0
0.0,150.65177469993836,153.21993338907146,0.9832387429472916,0.63,0.0,0.0,30.2,4.105960264900662,7.102910819360928,4.058806182491959,0.06760000000000008,3.2199999999999998,0.9833841059602648,0.006622516556291391,-0.10998786782589014,0.0206298828125,0.83304864,0.5678948,1.0
0.0,122.84708097732509,125.8984176334552,0.9757635027231727,0.54,0.0,0.8130081300813008,30.75,3.9430894308943087,2.0471287420074016,2.0471287420074016,0.02983606557377046,1.0999999999999996,0.9462682926829268,0.016260162601626018,-0.1621358399814845,0.01499176025390625,0.44106874,0.16039054,0.25
0.0,101.86418109187748,111.2565445026178,0.9155792276964049,0.59,0.0,1.9607843137254901,102.0,3.7745098039215685,2.181500872600349,2.181500872600349,0.06178217821782184,3.900000000000002,0.9525980392156862,0.00980392156862745,-0.15127972128218395,0.2325439453125,0.49413502,0.49413502,0.0
0.0,84.88681757656457,97.89619164619165,0.8671105193075899,0.6235294117647059,0.0,0.0,17.0,4.588235294117647,6.910319410319411,5.7585995085995085,0.1157142857142857,2.879999999999999,0.8870823529411761,0.07058823529411765,-0.2626284214650059,0.0343017578125,0.7057783,0.19756868,0.6
0.0,128.83962151280437,145.98626191944115,0.8825462055046062,0.6,0.7751937984496124,0.0,32.25,3.8372093023255816,5.658382244939579,2.2633528979758317,0.06328124999999997,2.8699999999999974,0.9635193798449613,0.015503875968992248,-0.10636485936331816,0.0181427001953125,0.5501929,0.17444862,0.5
0.0,218.72772954499348,257.4719400407811,0.8495206487757426,0.3,0.0,0.0,219.0,3.557077625570776,4.702683836361299,4.702683836361299,0.040366972477064174,2.3299999999999983,0.8297305936073059,0.1415525114155251,-0.38342715574888087,0.12103271484375,0.78527886,0.78527886,1.0
0.0,149.81335752541625,150.6559812517001,0.9944069679857178,0.7,1.3333333333333333,0.6666666666666666,37.5,3.9133333333333336,1.0043732083446675,1.0043732083446675,0.011275167785234906,1.1000000000000014,0.9670599999999998,0.02,-0.12638000071267871,0.007175445556640625,0.4043091,0.1999083,0.25
0.0,140.82455607389127,144.5591671614885,0.9741655187911726,0.71,0.0,0.7092198581560284,70.5,4.0638297872340425,1.0252423202942444,1.0252423202942444,0.014714285714285692,1.5199999999999996,0.9648794326241135,0.028368794326241134,-0.1326886604907023,0.341552734375,0.7046559,0.437209,0.5
0.0,148.81460180858014,151.3541882700504,0.9832209039571533,0.63,0.0,0.0,24.833333333333332,3.738255033557047,9.142199291479555,5.07899960637753,0.0682432432432432,1.7800000000000011,0.9692416107382551,0.020134228187919462,-0.15495752129966464,0.1644287109375,0.79552144,0.13416038,0.8333333333333334
0.0,131.83589178054402,136.30100666123843,0.9672407784060466,0.55,0.0,0.0,66.0,4.113636363636363,2.065166767594522,2.065166767594522,0.021908396946564872,1.25,0.9190151515151516,0.030303030303030304,-0.18797870365679162,0.1585693359375,0.30229357,0.07060192,0.5
0.0,137.15046604527296,139.78105491721703,0.9811806480248557,0.5,0.0,0.970873786407767,25.75,3.9223300970873787,1.3570976205555052,0.0,0.015686274509803935,0.7799999999999994,0.897873786407767,0.04854368932038835,-0.1993751506637464,0.0958251953125,0.31247857,0.11622142,0.25
0.0,133.5148508134365,136.23588375645528,0.9800270467075834,0.7,0.0,0.0,30.75,4.747967479674797,3.322826433084275,1.1076088110280917,0.03311475409836063,1.0399999999999991,0.9532276422764228,0.008130081300813009,-0.22270324070569117,0.07879638671875,0.807283,0.3255724,0.75
0.0,83.89556749670982,91.89921628111314,0.9129084108843678,0.6309523809523809,0.0,1.1904761904761905,21.0,4.428571428571429,3.2821148671826124,3.2821148671826124,0.08674698795180717,2.4299999999999997,0.8465238095238095,0.07142857142857142,-0.28478079125302025,0.1923828125,0.48317173,0.10755001,0.5
0.0,153.76001927669859,153.76001927669859,1.0,0.52,0.0,2.6548672566371683,113.0,3.7876106194690267,0.0,0.0,0.018947368421052605,0.26000000000000156,0.9428521739130433,0.017391304347826087,-0.14749808321456662,0.2265625,0.4540606,0.4540606,0.0
0.0,60.92416211070594,120.9250268963196,0.5038176436623162,0.7049180327868853,0.0,1.639344262295082,30.5,4.278688524590164,0.0,0.0,0.0336666666666666,0.3999999999999986,0.8682295081967213,0.09836065573770492,-0.39855436000845623,0.1048583984375,0.7901959,0.6190374,1.0
0.0,158.4553928095872,163.0285870855786,0.9719485130936528,0.63,0.8403361344537815,0.0,17.0,3.8907563025210083,4.109964380308704,1.369988126769568,0.03898305084745764,1.379999999999999,0.9757394957983193,0.008403361344537815,-0.11959254010790198,0.0621337890625,0.8330199,0.21217969,0.8571428571428571
0.0,100.87443234723443,108.47251324861529,0.92995385951862,0.48,0.0,0.0,33.666666666666664,4.514851485148514,5.369926398446301,4.2959411187570415,0.09149999999999998,2.039999999999999,0.8122178217821782,0.1188118811881188,-0.37176123971001607,0.01641845703125,0.25209057,0.08031234,0.0
0.0,95.40776139601516,109.06559405940594,0.8747741413671518,0.7340425531914894,0.0,0.0,18.8,3.9148936170212765,0.0,0.0,0.015913978494623737,0.3200000000000003,0.906787234042553,0.06382978723404255,-0.249217326429803,0.40771484375,0.60871136,0.14133103,0.6
0.0,64.91918913435879,118.69007245039839,0.5469639355177669,0.5076923076923077,1.5384615384615385,4.615384615384615,8.125,3.6,5.478003343864541,1.8260011146215136,0.060000000000000026,1.040000000000001,0.8844153846153845,0.07692307692307693,-0.5853207329778295,0.2568359375,0.8152503,0.48635268,0.8571428571428571
0.0,111.8508655126498,114.7436481194791,0.9747891699955614,0.7023809523809523,0.0,0.0,9.333333333333334,4.476190476190476,2.7319916218923597,1.3659958109461798,0.06481927710843374,1.3000000000000007,0.9590119047619046,0.023809523809523808,-0.1254519032825734,0.16259765625,0.88146,0.1668294,0.8888888888888888
0.0,87.89059452036267,92.70527557543004,0.948064648692513,0.6590909090909091,0.0,0.0,22.0,3.840909090909091,2.1069380812597736,2.1069380812597736,0.04712643678160913,2.1799999999999997,0.9459659090909092,0.011363636363636364,-0.20179656431591386,0.137939453125,0.90316105,0.825636,1.0
0.0,119.85081070958546,127.6233692569484,0.9390976856933295,0.68,0.0,0.0,17.142857142857142,4.091666666666667,4.254112308564946,2.127056154282473,0.04873949579831932,2.0999999999999996,0.9850583333333333,0.016666666666666666,-0.11908592099153978,0.00563812255859375,0.92703503,0.78789204,1.0
0.0,105.5052189191558,115.00388198757763,0.9174057179265666,0.6708860759493671,0.0,0.0,9.875,4.430379746835443,7.278726708074534,0.0,0.06564102564102565,0.9600000000000009,0.7857088607594936,0.13924050632911392,-0.3497054304074023,0.054107666015625,0.9612385,0.8803442,1.0
0.0,106.52463382157124,121.98841110094543,0.8732356857523301,0.775,0.0,0.0,20.0,5.4,0.0,0.0,0.03088607594936706,0.40000000000000213,0.9516249999999999,0.0125,-0.19355447941285403,0.0848388671875,0.8841007,0.59359205,1.0
0.0,80.74710022425802,97.24251278305333,0.8303683020244824,0.7746478873239436,0.0,1.408450704225352,17.75,5.408450704225352,4.108838568298028,1.3696128560993426,0.0542857142857143,1.379999999999999,0.9349436619718308,0.028169014084507043,-0.2828129665930502,0.29638671875,0.89762807,0.8107413,1.0
0.0,121.97827262018951,125.97517282326582,0.9682723181599944,0.74,0.0,0.0,10.166666666666666,4.524590163934426,7.228083686580826,4.130333535189044,0.09041322314049592,1.8999999999999986,0.9707459016393443,0.00819672131147541,-0.2084726125741198,0.08148193359375,0.8203661,0.35234824,0.8333333333333334
0.0,105.86821612680049,129.05844155844156,0.820312215523385,0.63,0.0,0.0,9.636363636363637,4.169811320754717,8.522727272727272,4.87012987012987,0.12142857142857137,2.3899999999999997,0.9614905660377357,0.018867924528301886,-0.1361477255202223,0.28466796875,0.8864879,0.22661774,0.9090909090909092
0.0,147.960543854972,155.6511171356455,0.9505909535235048,0.56,0.0,2.7027027027027026,18.5,3.720720720720721,1.4022623165373471,0.0,0.023272727272727205,0.6600000000000037,0.9895495495495495,0.0,-0.08043794123582551,0.06744384765625,0.62527835,0.19250594,0.5
0.0,109.86324315045334,112.80761707796223,0.9738991567788013,0.57,0.0,0.0,22.0,3.7,3.0765713748535157,2.051047583235677,0.05477064220183497,2.5500000000000007,0.9145818181818182,0.045454545454545456,-0.2221100011596189,0.30712890625,0.7882611,0.5418563,1.0
0.0,127.84086475689116,153.3709022148166,0.8335405406811313,0.63,0.0,1.5625,42.666666666666664,4.3828125,1.1982101735532547,1.1982101735532547,0.0185826771653543,1.5399999999999991,0.8871171875,0.0625,-0.23644048948123908,0.09893798828125,0.18484773,0.07003753,0.0
0.0,116.98265842681671,119.90591416189187,0.9756204207648315,0.66,0.0,0.0,29.75,4.546218487394958,3.0228381721485347,1.0076127240495116,0.047478991596638744,1.3400000000000034,0.9331499999999999,0.03333333333333333,-0.2353917388217768,0.0621337890625,0.864205,0.74862456,1.0
0.0,48.991273429420374,73.10034669828546,0.6701920803690176,0.6938775510204082,0.0,0.0,16.333333333333332,4.3061224489795915,10.442906671183637,10.442906671183637,0.3158333333333334,4.450000000000003,0.879530612244898,0.061224489795918366,-0.30239915761394776,0.1741943359375,0.769906,0.42166927,0.6666666666666666
0.0,124.84459448915152,128.15542690174644,0.9741654919137116,0.73,0.0,0.0,17.857142857142858,4.744,0.0,0.0,0.02112903225806453,0.4800000000000004,0.97184,0.0,-0.11072716619380481,0.054534912109375,0.9747835,0.95960844,1.0
0.0,97.20372836218375,121.2356067316209,0.8017754105636928,0.6027397260273972,0.0,0.0,12.166666666666666,3.6986301369863015,4.982285208148805,1.6607617360496014,0.08666666666666666,3.8999999999999986,0.9146027397260275,0.0273972602739726,-0.2118762399247844,0.2108154296875,0.82891434,0.20077574,0.8333333333333334
0.0,111.86075666227977,114.8272625039648,0.9741654919137116,0.69,0.0,0.0,16.0,4.223214285714286,2.0504868304279427,1.0252434152139713,0.034954954954955056,1.7600000000000051,0.72975,0.23214285714285715,-0.49682341262698176,0.389892578125,0.5888371,0.04482924,0.5714285714285714
0.0,132.83464853645722,133.4388191166158,0.9954723027065266,0.53,0.0,0.0,19.0,3.8721804511278197,3.0098981755627623,1.003299391854254,0.02511278195488723,1.0199999999999996,0.9469925373134328,0.0,-0.16442407609444867,0.31201171875,0.8562185,0.5442691,1.0
0.0,134.4873501997337,136.67117726657645,0.9840213049267643,0.49,0.0,0.0,12.625,4.128712871287129,0.0,0.0,0.006600000000000063,0.14000000000000057,0.9153861386138612,0.04950495049504951,-0.22883043342613077,0.285888671875,0.5832974,0.09875875,0.5
0.0,120.84956746549868,131.8274259151656,0.9167255343608737,0.68,0.0,0.0,17.285714285714285,4.231404958677686,4.357931435212086,2.178965717606043,0.04650000000000003,1.6799999999999997,0.9706363636363636,0.01652892561983471,-0.1223029322434886,0.0472412109375,0.88611,0.68115884,1.0
0.0,80.62585822446744,109.01162790697674,0.7396078727791147,0.6833333333333333,0.0,0.0,20.0,4.216666666666667,5.450581395348837,5.450581395348837,0.10949152542372889,2.2300000000000004,0.9803499999999999,0.0,-0.2596304063613598,0.2174072265625,0.7772383,0.49087438,0.6666666666666666
0.0,89.8881080321891,91.97017356176852,0.9773615135326338,0.7555555555555555,0.0,1.1111111111111112,10.0,4.644444444444445,7.153235721470884,5.109454086764917,0.13640449438202248,2.5400000000000027,0.9633666666666666,0.0,-0.2618399074034911,0.10040283203125,0.9514736,0.8122019,1.0
0.0,105.86821612680049,111.91924568892037,0.9459339676132313,0.58,0.0,0.9433962264150944,17.666666666666668,4.433962264150943,3.167525821384539,2.111683880923026,0.04552380952380957,1.6999999999999993,0.8875283018867923,0.08490566037735849,-0.2922935309347946,0.0083770751953125,0.7264952,0.14731362,0.8333333333333334
0.0,126.24584717607974,128.2339707536558,0.9844961240310078,0.618421052631579,0.0,0.0,38.0,3.75,1.687289088863892,0.0,0.03586666666666672,0.6700000000000017,0.9420394736842105,0.02631578947368421,-0.15339693062293988,0.2001953125,0.437798,0.37553543,0.5
0.0,119.85081070958546,122.49337823339455,0.9784268540722745,0.61,0.0,0.8333333333333334,120.0,4.233333333333333,0.0,0.0,0.012436974789915992,0.41999999999999993,0.8424750000000001,0.08333333333333333,-0.3008289343177351,0.11407470703125,0.121672034,0.121672034,0.0
0.0,125.84335124506474,137.67482517482517,0.9140621830117718,0.54,1.5873015873015872,0.0,63.0,3.6984126984126986,3.277972027972028,2.1853146853146854,0.059759999999999945,2.259999999999998,0.8200714285714287,0.19047619047619047,-0.3204845945299536,0.1319580078125,0.6864038,0.39434054,0.5
0.0,159.78695073235687,162.9696695337257,0.9804704837993785,0.52,0.0,0.0,60.0,3.9583333333333335,0.0,0.0,0.009075630252100826,0.3000000000000007,0.9576166666666667,0.025,-0.13858624393019733,0.09100341796875,0.90799177,0.85468763,1.0
0.0,100.87443234723443,119.41666143233486,0.8447266163473592,0.6,0.0,0.0,14.428571428571429,4.207920792079208,2.36468636499673,1.182343182498365,0.05319999999999997,3.8599999999999994,0.8361782178217824,0.1188118811881188,-0.4355468202982594,0.437255859375,0.8497697,0.54303247,1.0
0.0,115.84553928095872,120.24325071408826,0.9634265423879271,0.6551724137931034,0.0,1.1494252873563218,21.75,4.666666666666667,1.3821063300469916,1.3821063300469916,0.023023255813953494,1.4600000000000009,0.9391954022988505,0.034482758620689655,-0.17752517894880707,0.037567138671875,0.7612979,0.23700593,0.75
0.0,123.97791643363524,130.99816774236146,0.9464095457996544,0.5,0.8064516129032258,0.8064516129032258,17.714285714285715,3.806451612903226,4.225747346527789,3.169310509895842,0.04113821138211383,1.5600000000000023,0.9546129032258066,0.03225806451612903,-0.14679669517063712,0.187744140625,0.7584854,0.22743452,0.8571428571428571
0.0,137.15046604527296,141.1087770572655,0.9719485130936528,0.62,0.0,0.0,17.166666666666668,4.12621359223301,2.739976253539136,0.0,0.027647058823529323,0.6400000000000006,0.9566504854368931,0.009708737864077669,-0.20295564017310858,0.17529296875,0.6574288,0.142139,0.6666666666666666
0.0,127.84086475689116,142.36277250572613,0.8979936433293972,0.73,0.0,0.0,16.0,5.09375,0.0,0.0,0.025039370078740086,0.46000000000000085,0.9151328125,0.0625,-0.20201046150972063,0.1160888671875,0.8739282,0.7024318,1.0
0.0,94.88189181175515,97.02674725277063,0.9778941838024542,0.6526315789473685,0.0,1.0526315789473684,31.666666666666668,4.5473684210526315,2.0426683632162237,1.0213341816081118,0.02744680851063831,1.6000000000000005,0.9467052631578947,0.031578947368421054,-0.1741077127404235,0.060638427734375,0.69368523,0.14513831,0.6666666666666666
0.0,94.52693370165746,116.39030612244899,0.8121546961325967,0.6438356164383562,0.0,0.0,12.166666666666666,3.6986301369863015,7.971938775510204,3.188775510204082,0.08555555555555557,2.3999999999999986,0.9634109589041095,0.0136986301369863,-0.2048304449008019,0.0168304443359375,0.946755,0.8653137,1.0
0.0,140.82470258376293,143.53899550274173,0.9810902054213765,0.47,1.4184397163120568,0.0,28.2,4.170212765957447,0.0,0.0,0.0027142857142857073,0.3199999999999985,0.8858226950354611,0.07801418439716312,-0.20710837674684976,0.07867431640625,0.5901325,0.08619721,0.6
0.0,123.4567901234568,125.4297129053238,0.9842706904435299,0.5888888888888889,0.0,0.0,11.25,3.588888888888889,0.0,0.0,0.04382022471910105,0.5,0.9363777777777778,0.03333333333333333,-0.16858552119623849,0.0693359375,0.85817987,0.36219317,0.875
0.0,118.66666666666667,126.54028436018957,0.9377777777777778,0.42696629213483145,0.0,0.0,29.666666666666668,3.955056179775281,2.843601895734597,1.4218009478672986,0.029886363636363603,1.7899999999999991,0.9551348314606742,0.0,-0.13785464402606565,0.1497802734375,0.33437917,0.15976664,0.3333333333333333
0.0,143.5247953010375,148.62887319463002,0.9656589074256877,0.55,2.73972602739726,0.684931506849315,20.857142857142858,4.410958904109589,0.0,0.0,0.010758620689655149,0.3599999999999999,0.9760205479452054,0.0136986301369863,-0.1050993031496743,0.07452392578125,0.81932455,0.25414175,0.8571428571428571
0.0,101.87318910314764,108.66477272727273,0.9374996748838684,0.52,0.0,0.9803921568627451,34.0,4.303921568627451,0.0,0.0,0.005940594059405937,0.27999999999999936,0.9093137254901961,0.0392156862745098,-0.21653820934394996,0.11431884765625,0.4361986,0.14720313,0.3333333333333333
0.0,124.84459448915152,129.57242180574286,0.963512086517304,0.58,0.0,0.8,31.25,4.344,1.0365793744459428,1.0365793744459428,0.02306451612903224,2.0199999999999996,0.92672,0.04,-0.19215703268262424,0.1680908203125,0.80349785,0.3398227,0.75
0.0,129.83837826871758,132.34091783940727,0.9810902054213765,0.58,5.384615384615385,1.5384615384615385,65.0,4.1,1.0180070603031328,1.0180070603031328,0.03705426356589141,1.1599999999999966,0.9566538461538462,0.03076923076923077,-0.14014481239287355,0.252685546875,0.64342964,0.3651543,0.5
0.0,55.930378331139885,106.92464358452139,0.523082204963613,0.6785714285714286,0.0,0.0,18.666666666666668,3.7857142857142856,7.637474541751528,7.637474541751528,0.1633333333333333,4.379999999999999,0.7551896551724137,0.1724137931034483,-0.49442242315752594,0.082275390625,0.45918998,0.18788373,0.3333333333333333
0.0,112.85951341819298,119.44466160098568,0.9448686270735907,0.58,0.0,0.0,22.6,4.256637168141593,1.0570324035485459,0.0,0.03071428571428559,0.639999999999997,0.9309823008849557,0.04424778761061947,-0.19064046899926912,0.2568359375,0.6004891,0.259085,0.6
0.0,136.82967556011008,138.11716645575933,0.9906782702781434,0.61,0.0,0.0,45.666666666666664,4.613138686131387,0.0,0.0,0.01147058823529407,0.3800000000000008,0.8765255474452556,0.08029197080291971,-0.24552661925115515,0.1549072265625,0.4957172,0.17539841,0.3333333333333333
0.0,154.66666666666666,156.16585891222402,0.9904,0.67,0.0,0.8620689655172413,19.333333333333332,4.637931034482759,0.0,0.0,0.02504347826086955,0.46000000000000085,0.9385086206896552,0.008620689655172414,-0.23016218137569153,0.853515625,0.9195896,0.6241239,1.0
0.0,103.86151797603196,106.39265254160226,0.9762094984465157,0.6538461538461539,0.0,0.0,15.6,5.17948717948718,2.728016731835955,1.3640083659179776,0.033246753246753274,1.120000000000001,0.9637435897435899,0.01282051282051282,-0.17014676210634064,0.4873046875,0.5978673,0.17916471,0.6
0.0,80.89929722897018,95.5188679245283,0.8469457290144039,0.6049382716049383,0.0,2.4691358024691357,9.0,4.3580246913580245,4.716981132075471,4.716981132075471,0.13724999999999996,3.770000000000003,0.8309012345679012,0.09876543209876543,-0.3813905685577523,0.56787109375,0.69680333,0.07184281,0.75
0.0,106.8669728827137,112.27959718382833,0.9517933405812556,0.66,0.0,0.9345794392523364,35.666666666666664,3.953271028037383,2.09868405951081,1.049342029755405,0.027547169811320774,1.7000000000000028,0.9205700934579438,0.037383177570093455,-0.2047865668309752,0.0631103515625,0.30675814,0.16533789,0.3333333333333333
0.0,135.66056187311517,136.77204349697868,0.9918734735882773,0.62,0.0,0.7246376811594203,46.0,3.949275362318841,3.96440705788344,0.0,0.020875912408759092,0.8999999999999986,0.9548115942028986,0.028985507246376812,-0.14707357240896057,0.10772705078125,0.71867675,0.2331313,0.6666666666666666
0.0,50.93209054593874,59.95297805642633,0.8495339547270306,0.6666666666666666,0.0,1.9607843137254901,25.5,4.372549019607843,4.702194357366771,4.702194357366771,0.17559999999999998,2.8500000000000014,0.9262941176470588,0.0392156862745098,-0.31600242314707255,0.236328125,0.42016572,0.29846996,0.5
0.0,56.92410119840213,80.96590909090908,0.7030625832223703,0.7894736842105263,0.0,0.0,19.0,4.631578947368421,7.102272727272727,7.102272727272727,0.24874999999999994,3.8400000000000034,0.9102105263157894,0.017543859649122806,-0.30162215288107985,0.060272216796875,0.8108263,0.52488375,1.0
0.0,67.98788965715481,84.67068835142487,0.802968429581814,0.7647058823529411,0.0,0.0,13.6,5.205882352941177,3.7354715449158027,2.490314363277202,0.23447761194029848,11.230000000000004,0.8712794117647058,0.08823529411764706,-0.3624342356802148,0.52783203125,0.85261285,0.541583,1.0
0.0,70.91172966983807,86.28601738632868,0.821821794745083,0.6056338028169014,0.0,0.0,35.5,4.154929577464789,7.291776117154536,6.07648009762878,0.22485714285714295,5.380000000000003,0.6310985915492958,0.323943661971831,-0.6543325317266597,0.10772705078125,0.6270402,0.308525,0.5
0.0,132.0,135.41856647820538,0.9747555555555555,0.6363636363636364,0.0,0.0,16.5,4.090909090909091,1.3678643078606603,0.0,0.022857142857142864,0.5399999999999991,0.9705959595959597,0.0,-0.15285580685793745,0.51904296875,0.64258176,0.15206395,0.6666666666666666
0.0,106.95187165775401,109.48905109489051,0.9768270944741533,0.65,1.25,0.0,40.0,4.35,1.3686131386861313,1.3686131386861313,0.03341772151898735,1.1000000000000014,0.902075,0.025,-0.20524926650737974,0.2476806640625,0.27856454,0.1778724,0.0
0.0,107.85619174434088,110.80711354309166,0.9733688415446071,0.5802469135802469,0.0,0.0,27.0,3.950617283950617,0.0,0.0,0.01824999999999999,0.41999999999999993,0.9138395061728394,0.037037037037037035,-0.26143004636239503,0.0625,0.45946088,0.38395634,0.3333333333333333
0.0,108.00812538190947,126.33531013966426,0.8549322059090684,0.53,0.0,0.0,13.625,4.174311926605505,6.954237255394363,4.636158170262909,0.14203703703703702,3.6200000000000045,0.816091743119266,0.11926605504587157,-0.36054752131487433,0.31005859375,0.9352423,0.7908076,1.0
0.0,131.95601466177942,133.55817875210792,0.9880039986671109,0.62,3.0303030303030303,0.0,26.4,3.840909090909091,3.0354131534569984,0.0,0.0313740458015267,0.9399999999999977,0.967659090909091,0.015151515151515152,-0.15799175271312232,0.1295166015625,0.84064215,0.43351844,0.8
0.0,124.84459448915152,128.93091559215284,0.9683061189456873,0.55,0.0,0.8,62.5,4.328,1.0314473247372227,0.0,0.018548387096774192,0.8200000000000038,0.8782559999999998,0.096,-0.302112918758703,0.064697265625,0.21505076,0.05263904,0.0
0.0,91.88562154401552,92.60084443750125,0.9922762810876044,0.5652173913043478,0.0,1.0869565217391304,23.0,3.5760869565217392,0.0,0.0,0.014945054945054968,0.5,0.8658804347826087,0.09782608695652174,-0.3028846135594961,0.319091796875,0.5511729,0.30376342,0.25
0.0,107.86572963862692,122.3687704700363,0.8814808649649655,0.47,0.0,0.9259259259259259,108.0,3.759259259259259,1.1330441710188546,0.0,0.009345794392523364,1.0,0.9142222222222223,0.06481481481481481,-0.18844604338519275,0.0221710205078125,0.065566204,0.065566204,0.0
0.0,40.9490269924417,67.13973799126637,0.6099074589443348,0.8048780487804879,0.0,7.317073170731708,41.0,5.024390243902439,19.650655021834062,14.737991266375545,0.623,3.3999999999999986,0.9137560975609755,0.024390243902439025,-0.2925575685645887,0.17578125,0.8086648,0.8086648,1.0
0.0,63.92043237844558,78.63695937090434,0.8128548317458996,0.640625,0.0,0.0,16.0,3.8125,2.4574049803407605,1.2287024901703802,0.0625396825396825,2.5599999999999987,0.7748125,0.21875,-0.44248657512620276,0.1217041015625,0.96101665,0.93451536,1.0
0.0,130.08130081300814,131.84398461820177,0.9866305329719964,0.6979166666666666,0.0,1.0416666666666667,19.2,4.53125,1.3733748397729353,0.0,0.033052631578947396,0.6799999999999997,0.9488125,0.020833333333333332,-0.16522838905653506,0.12451171875,0.87333566,0.7441978,1.0
0.0,135.83091880419687,147.31369150779895,0.9220522370590775,0.59,0.0,0.0,19.428571428571427,4.264705882352941,4.332755632582322,4.332755632582322,0.06074074074074076,1.4800000000000004,0.9813602941176471,0.007352941176470588,-0.1561637924620573,0.07232666015625,0.9462363,0.8187662,1.0
0.0,73.9079999375777,84.76730158616517,0.8718928001081986,0.6621621621621622,0.0,1.3513513513513513,18.5,4.662162162162162,3.436512226466156,2.2910081509774374,0.12698630136986302,5.140000000000001,0.9127432432432433,0.013513513513513514,-0.2461742352960365,0.09368896484375,0.6283522,0.18192972,0.75
0.0,81.8980539848834,91.30947672199906,0.8969283027897565,0.524390243902439,0.0,0.0,27.333333333333332,4.2317073170731705,3.3405906117804536,3.3405906117804536,0.05814814814814818,1.5,0.8394024390243902,0.12195121951219512,-0.3011073465593368,0.17724609375,0.6066342,0.1678463,0.6666666666666666
0.0,127.84086475689116,130.6596034489542,0.9784268540722745,0.47,0.78125,0.0,18.285714285714285,3.9453125,0.0,0.0,0.011811023622047254,0.46000000000000085,0.9622109375,0.03125,-0.11787851543559555,0.03271484375,0.5642961,0.06804331,0.5714285714285714
0.0,138.6141905030997,151.08695652173913,0.9174464407399405,0.6,0.0,0.0,34.75,3.7697841726618706,1.0869565217391304,1.0869565217391304,0.019130434782608667,1.2999999999999998,0.9652733812949641,0.02158273381294964,-0.10270933013334115,0.2425537109375,0.84729666,0.4948738,0.75
0.0,66.91670264618521,145.93406194483455,0.45854067072758387,0.6865671641791045,0.0,0.0,22.333333333333332,3.7313432835820897,4.356240655069689,2.1781203275348444,0.14181818181818176,8.639999999999997,0.9037910447761194,0.04477611940298507,-0.22597656529396773,0.05169677734375,0.5540306,0.3105707,0.3333333333333333
0.0,88.88935127627589,101.6291108404385,0.8746445830450637,0.5393258426966292,0.0,1.1235955056179776,14.833333333333334,4.067415730337078,3.4257003654080393,2.2838002436053597,0.06636363636363635,2.299999999999997,0.910629213483146,0.033707865168539325,-0.2691353223176447,0.046539306640625,0.5816316,0.042542,0.5
0.0,109.20436817472698,117.46280344557557,0.9296931877275091,0.6,0.0,2.857142857142857,17.5,4.0,1.6780400492225083,1.6780400492225083,0.06057971014492751,2.419999999999998,0.9311714285714286,0.02857142857142857,-0.21445695939271348,0.078857421875,0.77305675,0.40688908,0.75
0.0,98.876918835408,113.16293009117094,0.8737571460525699,0.7474747474747475,0.0,1.0101010101010102,16.5,5.03030303030303,3.429179699732453,3.429179699732453,0.13265306122448986,6.609999999999999,0.918989898989899,0.04040404040404041,-0.21173023171718763,0.210205078125,0.76506233,0.4922115,0.8
0.0,64.79656578201354,98.57352732098005,0.6573424685414749,0.7538461538461538,0.0,0.0,16.25,4.584615384615384,6.0660632197526185,4.549547414814464,0.32015625000000003,12.29,0.9022461538461538,0.03076923076923077,-0.23072265638304607,0.06414794921875,0.44965786,0.08318225,0.25
0.0,113.18242343541944,114.85451761102603,0.9854416333777186,0.6352941176470588,0.0,2.3529411764705883,14.166666666666666,4.188235294117647,2.7024592379064947,0.0,0.03142857142857153,0.7600000000000016,0.9376588235294117,0.023529411764705882,-0.26386810148651507,0.11737060546875,0.8103913,0.23184134,0.8
0.0,116.98265842681671,118.82040790430298,0.9845333852163985,0.55,4.201680672268908,0.0,29.75,4.310924369747899,2.9954724681757052,2.9954724681757052,0.04440677966101698,1.4399999999999995,0.9248823529411763,0.04201680672268908,-0.17553744022527754,0.054962158203125,0.54239345,0.23232152,0.5
0.0,120.84956746549868,122.18378266938326,0.9890802594686822,0.49,0.0,0.0,20.166666666666668,3.6942148760330578,3.029349983538428,2.0195666556922856,0.03816666666666671,2.099999999999998,0.9070909090909091,0.024793388429752067,-0.22300201217984836,0.275390625,0.47094485,0.121381134,0.3333333333333333
0.0,144.81972960741575,155.10596121682408,0.9336825514073627,0.64,0.0,0.0,29.0,3.889655172413793,0.0,0.0,0.010555555555555552,0.5,0.9664620689655172,0.020689655172413793,-0.14024021276012213,0.261962890625,0.6141826,0.2774752,0.8
0.0,118.85205395367225,124.59278858161187,0.9539240216605371,0.52,0.0,1.680672268907563,59.5,3.773109243697479,4.187992893499559,2.0939964467497796,0.04411764705882351,1.7299999999999969,0.8866166666666667,0.08333333333333333,-0.2825062078508464,0.1539306640625,0.2679535,0.07247838,0.0
0.0,105.86821612680049,113.8424396470616,0.92995385951862,0.63,2.830188679245283,0.0,21.2,4.3584905660377355,3.221955839067781,1.0739852796892604,0.07314285714285712,3.899999999999995,0.8363773584905663,0.11320754716981132,-0.3424333787127717,0.1337890625,0.61452436,0.21953003,0.4
0.0,111.55913978494624,125.10048231511254,0.8917562724014336,0.5783132530120482,0.0,0.0,83.0,4.036144578313253,0.0,0.0,0.024878048780487837,0.33999999999999986,0.9070481927710842,0.060240963855421686,-0.20843679071897378,0.07501220703125,0.5074774,0.5074774,1.0
0.0,73.90146471371504,79.46735395189003,0.9299600532623169,0.5540540540540541,0.0,0.0,14.8,4.337837837837838,4.29553264604811,2.147766323024055,0.10849315068493136,2.7200000000000006,0.8501486486486487,0.0945945945945946,-0.350381771939682,0.07354736328125,0.64658195,0.14690576,0.8
0.0,126.84210800097794,145.12437106225755,0.8740234811874801,0.47,0.0,0.0,14.11111111111111,4.251968503937008,1.1427115831673824,1.1427115831673824,0.02523809523809532,1.120000000000001,0.910220472440945,0.023622047244094488,-0.1833632701574223,0.090576171875,0.7612436,0.140467,0.7777777777777778
0.0,67.83028093655759,92.620169216378,0.732348920439709,0.6666666666666666,0.0,0.0,13.8,4.478260869565218,8.053927757945914,6.711606464954928,0.2604411764705884,7.779999999999994,0.8054057971014493,0.14492753623188406,-0.45984544084277196,0.0259246826171875,0.83931166,0.5482827,1.0
0.0,126.83089214380824,139.09170560747663,0.9118508655126498,0.7,0.0,0.0,18.142857142857142,4.984251968503937,1.0952102803738317,1.0952102803738317,0.026031746031746125,1.4200000000000017,0.878740157480315,0.07086614173228346,-0.32968527878158105,0.316162109375,0.8019478,0.26301777,0.8571428571428571
0.0,91.88562154401552,105.2471018913972,0.8730465722356026,0.6630434782608695,0.0,0.0,18.4,4.0978260869565215,1.1439902379499696,0.0,0.0263736263736263,0.8999999999999986,0.9560652173913045,0.010869565217391304,-0.18729259585198904,0.11474609375,0.92246324,0.77621514,1.0
0.0,121.84819745400522,123.39279618696031,0.9874822616823208,0.57,0.0,0.0,12.2,3.7704918032786887,6.068498173129196,2.0228327243763986,0.06694214876033062,1.1000000000000005,0.8740245901639343,0.05737704918032787,-0.2705458309460829,0.10052490234375,0.7827183,0.119605176,0.8888888888888888
0.0,110.86199990636655,113.73982655103401,0.9746981621835319,0.57,0.0,0.0,22.2,4.261261261261262,0.0,0.0,0.009454545454545455,0.33999999999999986,0.8399729729729729,0.12612612612612611,-0.3003472626463525,0.06976318359375,0.5655557,0.079788715,0.4
0.0,82.89681074079661,89.0387767895755,0.9310192000582608,0.6746987951807228,0.0,0.0,13.833333333333334,4.783132530120482,2.1455126937247107,1.0727563468623553,0.05682926829268299,1.2200000000000006,0.9820240963855421,0.0,-0.14650149486658517,0.0167236328125,0.87895375,0.4352052,0.8333333333333334
0.0,134.6136760901235,145.42628774422735,0.9256488505494905,0.56,0.0,0.7633587786259542,32.75,3.618320610687023,3.3303730017761985,3.3303730017761985,0.036307692307692305,2.0600000000000023,0.9679236641221374,0.015267175572519083,-0.18960977828082365,0.3974609375,0.7261801,0.28530148,0.75
0.0,109.86324315045334,111.67760705345614,0.9837535567704783,0.62,2.727272727272727,0.0,22.0,4.1,0.0,0.0,0.01834862385321103,0.4399999999999995,0.8775999999999999,0.05454545454545454,-0.2326773494800053,0.0950927734375,0.52500176,0.1901272,0.4
0.0,100.87432740044694,116.05026929982046,0.8692295848089255,0.72,0.0,0.0,16.833333333333332,4.207920792079208,4.596050269299821,2.2980251346499103,0.12400000000000003,7.080000000000005,0.9396930693069309,0.0297029702970297,-0.19569859809106807,0.10504150390625,0.80610013,0.08077878,0.8333333333333334
0.0,97.83507709339709,103.85292057870673,0.9420541718829283,0.5473684210526316,0.0,2.1052631578947367,19.0,4.168421052631579,3.279565913011792,2.1863772753411945,0.041808510638297866,1.509999999999998,0.9120526315789472,0.021052631578947368,-0.25498489031107224,0.353515625,0.8364037,0.6074247,1.0
0.0,80.69872476089266,130.02996575342465,0.620616365568544,0.5679012345679012,0.0,0.0,40.5,3.740740740740741,3.210616438356164,3.210616438356164,0.11137500000000004,6.789999999999999,0.863641975308642,0.04938271604938271,-0.3099415126251199,0.2117919921875,0.28883004,0.21714413,0.0
0.0,109.03083700440527,112.65361857077833,0.96784140969163,0.7878787878787878,0.0,0.0,13.2,4.636363636363637,3.4137460172963134,1.7068730086481567,0.08246153846153856,2.0599999999999987,0.9625,0.0,-0.177961317242169,0.03924560546875,0.97482795,0.9527891,1.0
0.0,163.78162450066577,171.134403116594,0.957035064358633,0.6,0.0,0.0,11.181818181818182,4.7317073170731705,0.0,0.0,0.028524590163934382,0.5,0.9350731707317071,0.032520325203252036,-0.14148762500844894,0.03369140625,0.8428564,0.20344497,0.9090909090909092
0.0,139.81358189081226,147.73473407747866,0.9463826009764758,0.69,0.0,0.0,26.25,3.6952380952380954,0.0,0.0,0.0032692307692307595,0.1200000000000001,0.9074952380952381,0.0761904761904762,-0.1851686461281682,0.21435546875,0.4628517,0.06771336,0.5
0.0,115.85578368593261,123.73182105552044,0.9363459027564646,0.67,0.0,0.0,38.666666666666664,4.293103448275862,2.1333072595779385,2.1333072595779385,0.042260869565217386,3.1799999999999997,0.9643793103448275,0.017241379310344827,-0.13301646507091772,0.0207672119140625,0.7196524,0.48554406,0.6666666666666666
0.0,61.76939426142401,130.17917133258678,0.47449521785334753,0.6451612903225806,0.0,1.6129032258064515,12.4,4.306451612903226,12.597984322508399,10.498320268756999,0.3304918032786884,8.9,0.8630483870967743,0.04838709677419355,-0.24561737332402206,0.08087158203125,0.8038802,0.24138193,0.8
0.0,95.88064856766837,114.64968152866241,0.8362923236179963,0.6458333333333334,0.0,0.0,12.0,4.65625,5.971337579617834,3.5828025477707004,0.09821052631578955,2.3999999999999986,0.9203958333333334,0.020833333333333332,-0.21296638421112846,0.09088134765625,0.81228244,0.3425771,0.875
0.0,110.51930758988016,112.39505281213324,0.9833111407012871,0.6024096385542169,0.0,0.0,20.75,4.132530120481928,0.0,0.0,0.008780487804878077,0.40000000000000036,0.8455903614457831,0.08433734939759036,-0.25468715377109874,0.53125,0.71390903,0.27804714,0.75
0.0,183.75499334221038,183.82026463013943,0.9996449178872613,0.64,0.0,0.0,17.25,4.094202898550725,1.3320309031169524,0.0,0.012846715328467135,0.5600000000000023,0.8629275362318841,0.07971014492753623,-0.2872350065751572,0.07373046875,0.3742174,0.08881336,0.375
0.0,125.84335124506474,131.33507708443946,0.9581853838191001,0.75,0.0,3.1746031746031744,10.5,4.944444444444445,4.1693675264901415,2.0846837632450708,0.06695999999999995,3.0700000000000003,0.9028015873015872,0.05555555555555555,-0.25529396234366,0.09100341796875,0.84756887,0.5433638,1.0
0.0,129.97684787397242,132.48477964320406,0.981070038566047,0.58,0.0,1.5384615384615385,43.333333333333336,3.769230769230769,0.0,0.0,0.027441860465116395,0.46000000000000085,0.7150461538461538,0.24615384615384617,-0.46696795272215813,0.1787109375,0.42433235,0.20045349,0.3333333333333333
0.0,134.31620839363242,138.47444983215217,0.9699710564399422,0.5959595959595959,0.0,0.0,14.142857142857142,3.808080808080808,4.196195449459157,4.196195449459157,0.062040816326530655,1.7199999999999989,0.9584444444444444,0.030303030303030304,-0.13141915390068398,0.324951171875,0.8806925,0.44381452,0.8571428571428571
0.0,131.64893617021278,134.36482084690553,0.9797872340425532,0.5757575757575758,5.05050505050505,0.0,49.5,4.262626262626263,1.3572204125950054,1.3572204125950054,0.0426530612244898,1.4800000000000004,0.934212121212121,0.020202020202020204,-0.19675611583650976,0.07159423828125,0.5424559,0.20180832,0.5
0.0,99.86684420772303,113.40725806451613,0.8806036395916556,0.5733333333333334,0.0,1.3333333333333333,25.0,3.6666666666666665,0.0,0.0,0.02108108108108103,0.4800000000000004,0.97672,0.0,-0.12540299830252313,0.02099609375,0.45582524,0.2820367,0.3333333333333333
0.0,112.85951341819298,112.85951341819298,1.0,0.55,4.424778761061947,1.7699115044247788,37.666666666666664,4.407079646017699,0.0,0.0,0.013035714285714333,0.3200000000000003,0.855,0.08849557522123894,-0.25026070269691203,0.0220947265625,0.40966764,0.08451121,0.3333333333333333
0.0,71.93094629156009,84.30123641813414,0.8532608695652174,0.7333333333333333,0.0,0.0,20.0,4.783333333333333,4.215061820906707,4.215061820906707,0.10067796610169495,2.2699999999999996,0.96385,0.0,-0.23463980977398316,0.11474609375,0.9106369,0.82966447,1.0
0.0,106.8669728827137,109.88129354415308,0.9725674811042504,0.61,0.0,0.9345794392523364,53.5,4.224299065420561,2.0538559540963193,0.0,0.030188679245283036,0.9400000000000013,0.9071869158878504,0.04672897196261682,-0.30156822486238166,0.69482421875,0.43256262,0.2348163,0.5
0.0,112.85951341819298,115.91588831982868,0.9736328216438912,0.49,0.0,2.6548672566371683,28.25,4.336283185840708,1.0258043214144132,0.0,0.010178571428571466,0.8800000000000026,0.9295486725663717,0.008849557522123894,-0.2162954818261297,0.064453125,0.5959923,0.19287957,0.5
0.0,126.84210800097794,140.65268753691672,0.9018107668059031,0.69,0.0,0.7874015748031497,21.166666666666668,4.574803149606299,5.537507383343177,3.3225044300059063,0.0565079365079366,2.2200000000000006,0.9767795275590551,0.007874015748031496,-0.16288712610669895,0.08966064453125,0.7590307,0.30611128,0.8
0.0,106.70300995562351,111.84863847802227,0.9539947147107218,0.6,0.0,0.9345794392523364,35.666666666666664,4.420560747663552,1.0453143782992735,1.0453143782992735,0.012641509433962247,1.040000000000001,0.8838037383177569,0.056074766355140186,-0.26582848543593984,0.0207061767578125,0.6917236,0.32142243,0.6666666666666666
0.0,99.87567559132121,113.7052759248029,0.8783732749338063,0.54,0.0,1.0,16.666666666666668,4.2,3.411158277744087,2.274105518496058,0.0796969696969695,2.9099999999999966,0.9309400000000001,0.06,-0.2316516891892156,0.022125244140625,0.78084826,0.30414364,0.8333333333333334
0.0,87.96992481203007,92.7982233502538,0.94796992481203,0.6282051282051282,0.0,3.8461538461538463,19.5,4.602564102564102,1.1897208121827412,1.1897208121827412,0.021038961038961076,1.3800000000000026,0.9295512820512821,0.05128205128205128,-0.24571536479523123,0.318603515625,0.701282,0.23155554,0.75
0.0,123.84570888767743,136.1241217798595,0.9097998743232389,0.66,0.0,0.0,17.714285714285715,4.467741935483871,12.07552693208431,4.391100702576113,0.09560975609756095,1.8200000000000003,0.9480645161290322,0.008064516129032258,-0.22192159890249522,0.5029296875,0.86315453,0.3872664,0.8571428571428571
0.0,150.81227014289504,162.82462992104757,0.9262251676298774,0.59,0.0,0.0,15.1,4.304635761589404,4.313235229696624,0.0,0.03240000000000002,0.8399999999999963,0.9366953642384104,0.039735099337748346,-0.21186514046327815,0.385009765625,0.87671757,0.05410533,0.9
0.0,105.86821612680049,120.89416058394161,0.8757099235847043,0.55,0.0,0.9433962264150944,106.0,4.018867924528302,1.1405109489051095,0.0,0.0285714285714286,0.8600000000000003,0.8957547169811322,0.08490566037735849,-0.32907519520101974,0.1661376953125,0.08033645,0.08033645,0.0
0.0,81.8980539848834,93.52189781021899,0.8757099235847043,0.6585365853658537,0.0,0.0,11.714285714285714,4.2073170731707314,5.702554744525548,5.702554744525548,0.08962962962962961,1.6000000000000014,0.9614024390243902,0.024390243902439025,-0.1446976326957897,0.00835418701171875,0.6086201,0.06299056,0.6666666666666666
0.0,112.13057715641804,134.38026981450255,0.834427385145172,0.5529411764705883,0.0,0.0,14.166666666666666,3.988235294117647,6.323777403035414,3.161888701517707,0.0753571428571429,2.41,0.9525058823529411,0.03529411764705882,-0.1740868629710996,0.289794921875,0.6545201,0.20456673,0.8333333333333334
0.0,44.578545941547645,72.49560632688927,0.6149137609876512,0.7727272727272727,0.0,0.0,14.666666666666666,5.636363636363637,1.647627416520211,1.647627416520211,0.12325581395348822,3.299999999999997,0.8853409090909092,0.06818181818181818,-0.3294902139841908,0.03143310546875,0.4536549,0.39531088,0.5
0.0,123.84583773323831,128.96362172837686,0.9603160648983817,0.56,6.451612903225806,0.8064516129032258,31.0,3.6693548387096775,2.0800584149738204,2.0800584149738204,0.042357723577235724,1.7000000000000002,0.9457741935483871,0.03225806451612903,-0.17077790216294286,0.269287109375,0.613448,0.23352486,0.75
0.0,106.00865682832897,145.9634790965882,0.7262683616781977,0.6790123456790124,0.0,0.0,16.2,3.9876543209876543,7.208073041806824,5.4060547813551185,0.10574999999999993,4.279999999999998,0.8751111111111111,0.09876543209876543,-0.30545098174354024,0.01445770263671875,0.75178224,0.052679464,0.8
0.0,146.8172431192422,164.0787140656338,0.8947976217104749,0.62,0.0,0.0,16.333333333333332,4.489795918367347,3.3485451850129344,1.116181728337645,0.031506849315068454,1.2800000000000011,0.9570748299319728,0.027210884353741496,-0.22600102397414915,0.9384765625,0.8374525,0.12909615,0.8888888888888888
0.0,118.29436038514443,121.4574898785425,0.9739569005043559,0.6511627906976745,0.0,0.0,17.2,4.569767441860465,1.4122963939365407,0.0,0.015999999999999966,0.6199999999999997,0.9435116279069768,0.011627906976744186,-0.18247894764522307,0.0667724609375,0.62060803,0.19017784,0.6
0.0,105.86821612680049,110.24309599361249,0.9603160648983817,0.64,3.7735849056603774,0.0,17.666666666666668,4.330188679245283,1.0400292074869102,1.0400292074869102,0.057904761904761855,3.979999999999997,0.939132075471698,0.02830188679245283,-0.13669354239359158,0.1639404296875,0.7637577,0.1698467,0.8333333333333334
0.0,91.96934355214928,95.29728609902631,0.9650783072309229,0.6847826086956522,0.0,1.0869565217391304,13.142857142857142,4.880434782608695,5.179200331468821,2.0716801325875283,0.09175824175824174,2.729999999999997,0.9677717391304346,0.010869565217391304,-0.24441226198987717,0.150634765625,0.89174664,0.7403637,1.0
0.0,78.90178371714376,84.12207017493265,0.9379439135659258,0.6329113924050633,3.7974683544303796,0.0,15.8,4.037974683544304,8.518690650626091,7.45385431929783,0.17576923076923093,2.5,0.5642911392405062,0.4177215189873418,-0.809306627606545,0.18896484375,0.67709845,0.47096807,0.75
0.0,128.83962151280437,138.6235035344292,0.9294211892487997,0.61,0.0,0.7751937984496124,18.428571428571427,4.131782945736434,1.0746008025924745,1.0746008025924745,0.022968750000000038,1.5800000000000018,0.9521472868217055,0.023255813953488372,-0.20380930664633337,0.309326171875,0.84924465,0.35944784,0.8571428571428571
0.0,82.89681074079661,138.9714923563935,0.5965022706110623,0.7349397590361446,0.0,1.2048192771084338,16.6,4.493975903614458,1.6743553295951026,0.0,0.024878048780487837,0.8599999999999994,0.8774939759036143,0.07228915662650602,-0.2935432010348521,0.1728515625,0.89440775,0.60718703,1.0
0.0,146.8329033462517,168.53932584269663,0.8712085598544267,0.7,0.0,0.0,27.2,4.654411764705882,2.4785194976867153,0.0,0.023111111111111093,0.9799999999999969,0.9635808823529411,0.014705882352941176,-0.14925014960560434,0.310302734375,0.85118353,0.38145888,0.8
0.0,93.88313505584195,137.0705722058428,0.6849255354012452,0.5319148936170213,6.382978723404255,1.0638297872340425,23.5,3.702127659574468,11.665580613263218,11.665580613263218,0.23376344086021497,3.710000000000001,0.9055744680851063,0.05319148936170213,-0.3334643020441657,0.056915283203125,0.3291046,0.063033395,0.25
0.0,53.990382963034705,92.05934844569936,0.586473659379423,0.8518518518518519,0.0,0.0,27.0,4.462962962962963,1.7048027489944326,1.7048027489944326,0.053207547169811194,2.819999999999993,0.8136296296296296,0.12962962962962962,-0.3179210229887792,0.05462646484375,0.8847196,0.8053723,1.0
0.0,125.828449511456,140.52741151977793,0.8954014604741141,0.69,0.0,0.0,10.8,4.25,9.10825815405968,6.5058986814712,0.09822429906542061,2.3500000000000014,0.8752314814814816,0.06481481481481481,-0.33370123997625,0.06805419921875,0.70716935,0.21753608,0.6666666666666666
0.0,112.85951341819298,120.66915316906697,0.9352805622168238,0.55,0.0,1.7699115044247788,37.666666666666664,4.353982300884955,1.0678686121156369,0.0,0.025892857142857124,0.8600000000000012,0.9353451327433628,0.02654867256637168,-0.18812608736332653,0.12353515625,0.6887768,0.37732837,0.6666666666666666
0.0,109.05056268822317,114.38832175040734,0.9533365034078299,0.8372093023255814,0.0,0.0,43.0,4.4186046511627906,0.0,0.0,0.01666666666666668,0.4200000000000017,0.972186046511628,0.0,-0.13657923521740095,0.002994537353515625,0.8018017,0.8018017,1.0
0.0,86.89183776444946,88.56661424637255,0.9810902054213765,0.5977011494252874,1.1494252873563218,2.2988505747126435,12.428571428571429,3.839080459770115,4.072028241212531,2.0360141206062656,0.2720930232558142,18.28,0.5507931034482758,0.4367816091954023,-0.6928589758137369,0.2489013671875,0.6586045,0.24526095,0.7142857142857143
0.0,113.85827017410618,126.62914691943128,0.8991474154568011,0.66,0.0,1.7543859649122806,12.666666666666666,4.657894736842105,4.443127962085308,1.110781990521327,0.07398230088495567,1.1400000000000006,0.9716491228070175,0.008771929824561403,-0.1688028967191437,0.10321044921875,0.81043625,0.4927193,0.8888888888888888
0.0,50.93659455157382,87.64894592117324,0.5811432643740344,0.5490196078431373,0.0,0.0,17.0,4.784313725490196,6.8744271310724105,6.8744271310724105,0.15879999999999989,2.2699999999999996,0.8540392156862745,0.11764705882352941,-0.3155189787490027,0.1461181640625,0.62223977,0.27685407,0.6666666666666666
0.0,60.92416211070594,85.10044642857143,0.7159088426385906,0.4262295081967213,0.0,3.278688524590164,12.2,3.6557377049180326,8.370535714285714,6.975446428571429,0.25199999999999995,6.200000000000003,0.891,0.06557377049180328,-0.3068228238265003,0.023101806640625,0.532392,0.23425047,0.25
0.0,133.83340529237043,135.1653790020836,0.9901456000083229,0.48,0.0,1.492537313432836,33.5,3.626865671641791,0.0,0.0,0.012631578947368466,0.4400000000000013,0.9477388059701491,0.022388059701492536,-0.1667477156016431,0.5048828125,0.26135033,0.11101583,0.25
0.0,131.93177133104712,144.35989256938228,0.9139087663676255,0.57,0.0,0.7751937984496124,43.0,3.9767441860465116,1.1190689346463742,1.1190689346463742,0.025581395348837216,2.1000000000000014,0.959323076923077,0.03076923076923077,-0.1946648856919063,0.54931640625,0.68935245,0.15565297,0.6666666666666666
0.0,109.41828254847645,118.5,0.9233610341643582,0.569620253164557,0.0,0.0,7.9,4.253164556962025,4.5,1.5,0.05358974358974352,1.3000000000000007,0.9694177215189875,0.0,-0.16804518978933414,0.1610107421875,0.875686,0.39593768,0.9
0.0,67.34250543084721,72.41862638218345,0.9299058653149891,0.6129032258064516,0.0,0.0,10.333333333333334,5.225806451612903,4.6721694440118355,2.3360847220059178,0.07733333333333339,1.0199999999999996,0.8988709677419354,0.06451612903225806,-0.2035061033760629,0.013580322265625,0.5896048,0.2887685,0.6666666666666666
0.0,123.2876712328767,130.09958239640218,0.9476407914764079,0.5432098765432098,0.0,0.0,11.571428571428571,4.407407407407407,1.6061676839061998,0.0,0.034000000000000065,0.5399999999999991,0.9601851851851853,0.012345679012345678,-0.13745763282040283,0.09515380859375,0.91207486,0.60698825,1.0
0.0,112.24106647000497,115.77289773162117,0.9694934537286654,0.7307692307692307,0.0,0.0,13.0,4.384615384615385,6.67920563836276,2.226401879454253,0.08000000000000007,1.240000000000002,0.9927115384615384,0.0,-0.15266927662822935,0.003002166748046875,0.925221,0.86246437,1.0
0.0,104.86945937088728,107.35704631796217,0.9768288432628134,0.67,0.0,0.0,17.5,4.466666666666667,1.0224480601710684,0.0,0.023428571428571486,0.8399999999999999,0.9751132075471698,0.009433962264150943,-0.13391901644670326,0.29638671875,0.8046821,0.4586048,0.8333333333333334
0.0,141.1451398135819,144.58488678730563,0.9762094984465157,0.56,0.0,0.9433962264150944,26.5,3.3867924528301887,1.3640083659179776,0.0,0.0078095238095238035,0.5599999999999987,0.9220754716981132,0.04716981132075472,-0.2594083272811899,0.443115234375,0.7552547,0.2368962,0.75
0.0,131.8357546223663,134.30387098688755,0.9816228948102156,0.55,0.7575757575757576,0.0,18.857142857142858,4.401515151515151,2.034907136164963,1.0174535680824814,0.03999999999999997,1.0399999999999991,0.9551969696969695,0.022727272727272728,-0.17513650940715247,0.07867431640625,0.9407273,0.8503891,1.0
0.0,128.83962151280437,132.5463039767102,0.9720348108344301,0.62,0.7751937984496124,0.0,21.5,3.7286821705426356,1.0274907285016295,1.0274907285016295,0.021999999999999995,1.7600000000000016,0.890328244274809,0.061068702290076333,-0.2028574490181557,0.017822265625,0.5363096,0.113353744,0.6666666666666666
0.0,82.89681074079661,104.79797979797979,0.7910153506832641,0.5542168674698795,0.0,0.0,16.6,4.518072289156627,6.313131313131313,5.05050505050505,0.10878048780487805,2.75,0.9310120481927711,0.012048192771084338,-0.11528791047164974,0.042388916015625,0.5734347,0.047605447,0.8
0.0,126.84210800097794,168.1870915855413,0.7541726704778947,0.69,0.0,0.0,21.166666666666668,5.433070866141732,1.3243078077601678,0.0,0.027460317460317355,0.879999999999999,0.9397874015748032,0.023622047244094488,-0.19099199364473005,0.12841796875,0.9267288,0.6837145,1.0
0.0,66.91670264618521,99.38686708860759,0.6732952210529601,0.5522388059701493,0.0,0.0,11.166666666666666,4.119402985074627,0.0,0.0,0.02030303030303031,0.3600000000000003,0.906179104477612,0.04477611940298507,-0.3144590597395423,0.1329345703125,0.49680677,0.07260902,0.6666666666666666
0.0,73.90146471371504,111.0,0.6657789613848203,0.7162162162162162,0.0,0.0,14.8,4.621621621621622,6.0,6.0,0.20109589041095896,5.219999999999999,0.9550675675675677,0.02702702702702703,-0.1599259857340698,0.283447265625,0.770548,0.36080903,0.8
0.0,82.55659121171772,86.51967624895339,0.9541944074567243,0.7741935483870968,0.0,0.0,20.666666666666668,4.919354838709677,2.790957298353335,2.790957298353335,0.04786885245901635,1.46,0.888016129032258,0.03225806451612903,-0.2731620880852855,0.021087646484375,0.6492196,0.26446384,0.6666666666666666
0.0,131.83589178054402,140.08107280523623,0.941139935184848,0.6,0.0,0.0,33.0,4.083333333333333,0.0,0.0,0.0068702290076335494,0.379999999999999,0.8928333333333334,0.07575757575757576,-0.26869131260215534,0.0762939453125,0.64475536,0.20278879,0.5
0.0,88.88935127627589,122.44704924681595,0.7259411461774145,0.6292134831460674,0.0,0.0,11.125,4.258426966292135,6.879047710495278,5.503238168396222,0.08738636363636382,1.740000000000002,0.9266516853932584,0.02247191011235955,-0.2724624646542933,0.067626953125,0.92714953,0.772474,1.0
0.0,143.38235294117646,145.7157090667552,0.9839869281045752,0.5,3.4188034188034186,0.8547008547008547,39.0,3.6324786324786325,1.2454334108269678,1.2454334108269678,0.02482758620689655,1.9800000000000004,0.9384188034188035,0.03418803418803419,-0.1593051480900187,0.32080078125,0.3669639,0.3070632,0.0
0.0,66.91078561917443,89.98925501432666,0.7435419440745672,0.6119402985074627,0.0,2.985074626865672,13.4,4.074626865671642,8.058739255014327,8.058739255014327,0.26318181818181813,6.950000000000003,0.951776119402985,0.014925373134328358,-0.2375792618918918,0.060699462890625,0.48926353,0.23757279,0.4
0.0,135.81890812250333,143.90519187358916,0.9438082556591211,0.56,0.0,0.9803921568627451,25.5,3.627450980392157,0.0,0.0,0.009504950495049513,0.3799999999999999,0.9478823529411766,0.00980392156862745,-0.14081595945068112,0.1915283203125,0.77846456,0.35464942,0.75
0.0,130.49267643142477,134.25883642341768,0.9719485130936528,0.4489795918367347,0.0,0.0,19.6,3.357142857142857,2.739976253539136,0.0,0.017731958762886586,0.6600000000000001,0.9677857142857144,0.01020408163265306,-0.1644788264574712,0.261962890625,0.75188744,0.12327936,0.8
0.0,34.95648645696242,81.2190594059406,0.4303975780148669,0.6857142857142857,0.0,0.0,11.666666666666666,4.457142857142857,4.641089108910891,2.3205445544554455,0.13323529411764704,3.09,0.8022857142857144,0.11428571428571428,-0.29612381011247635,0.0028591156005859375,0.8459382,0.73410344,1.0
0.0,99.79167638984941,110.3049801385378,0.9046887662235724,0.6836734693877551,1.0204081632653061,1.0204081632653061,10.88888888888889,3.877551020408163,7.878927152752699,3.3766830654654427,0.08606060606060606,1.5799999999999983,0.9315899999999999,0.04,-0.2379378332899027,0.211181640625,0.9335568,0.6788625,1.0
0.0,139.8259458278497,143.6912178365277,0.9731001513740708,0.78,0.0,0.7142857142857143,17.5,5.2,3.079097525068451,1.0263658416894836,0.04733812949640293,1.1999999999999993,0.5485714285714286,0.4642857142857143,-0.6851064677767198,0.68212890625,0.6445585,0.2395119,0.625
0.0,61.91744340878828,66.54264453348597,0.9304926764314249,0.7096774193548387,0.0,0.0,62.0,4.403225806451613,4.293073840870062,2.146536920435031,0.10590163934426217,2.2200000000000006,0.9222096774193548,0.06451612903225806,-0.33263259163786085,0.1553955078125,0.5012781,0.5012781,1.0
0.0,128.83962151280437,142.3770669910313,0.9049183568370621,0.56,0.0,0.0,11.727272727272727,3.953488372093023,4.4147927749157,2.20739638745785,0.08625000000000002,4.960000000000001,0.9319999999999999,0.03875968992248062,-0.1869957511533836,0.161376953125,0.69994944,0.14623354,0.7
0.0,103.87070261497406,109.62237157196768,0.9475319784226925,0.53,0.0,0.9615384615384616,20.8,4.0673076923076925,2.1081225302301476,1.0540612651150738,0.029708737864077628,1.4399999999999977,0.9155673076923077,0.019230769230769232,-0.16598115438172797,0.2086181640625,0.36726743,0.057206262,0.2
0.0,129.83837826871758,136.79725616272736,0.9491299892321536,0.6,0.0,0.0,13.0,4.323076923076923,5.261432929335667,4.209146343468534,0.06372093023255813,1.8000000000000007,0.9495,0.015384615384615385,-0.17451103460896605,0.2529296875,0.8799706,0.67167324,1.0
0.0,54.93162157522667,88.14102564102564,0.6232242156898443,0.6545454545454545,0.0,0.0,11.0,4.327272727272727,6.410256410256411,4.8076923076923075,0.15629629629629635,2.5,0.8787636363636363,0.07272727272727272,-0.24790748017454262,0.059112548828125,0.96678054,0.9547664,1.0
0.0,124.84459448915152,131.53582323339168,0.9491299892321536,0.56,0.0,0.0,15.625,3.76,1.0522865858671335,1.0522865858671335,0.023870967741935437,1.5999999999999943,0.89104,0.048,-0.28023425081656095,0.07281494140625,0.39419115,0.09061105,0.25
0.0,153.9725736353212,155.84234876682785,0.9880021371193255,0.81,0.0,0.6493506493506493,22.0,4.694805194805195,2.0239266073614006,0.0,0.025620915032679745,0.8599999999999994,0.9643571428571427,0.006493506493506494,-0.14129538028092223,0.210693359375,0.6734597,0.20986223,0.5714285714285714
0.0,122.84695317084132,127.00761959669057,0.9672408124877756,0.6,0.0,0.0,20.5,4.528455284552845,0.0,0.0,0.012295081967213108,0.4799999999999969,0.9740243902439024,0.016260162601626018,-0.1347410009339863,0.0919189453125,0.72496367,0.05554505,0.6666666666666666
0.0,134.4873501997337,135.88662660328282,0.9897026187305813,0.51,0.0,0.0,25.25,4.178217821782178,1.3454121445869585,0.0,0.01979999999999999,0.5799999999999983,0.9234851485148514,0.039603960396039604,-0.21560055146551252,0.03875732421875,0.78149736,0.5758822,1.0
0.0,125.84335124506474,139.31198582924375,0.903320346027601,0.64,2.380952380952381,0.0,11.454545454545455,4.357142857142857,4.422602724737898,1.1056506811844744,0.05256000000000005,2.250000000000001,0.9368253968253968,0.031746031746031744,-0.23726730148472852,0.1995849609375,0.7687692,0.25091043,0.8181818181818182
0.0,149.65986394557822,151.3622603430878,0.9887528344671201,0.52,0.0,0.0,22.0,4.1,0.0,0.0,0.016909090909090953,0.379999999999999,0.9625315315315315,0.009009009009009009,-0.123732093776482,0.3876953125,0.724669,0.23710205,0.8
0.0,113.85827017410618,128.27560501334446,0.8876065730678998,0.58,0.0,0.0,16.285714285714285,3.9649122807017543,4.5008984215208585,4.5008984215208585,0.09920353982300889,2.9100000000000037,0.8989035087719299,0.07017543859649122,-0.2516623026770201,0.00537109375,0.5958061,0.23947555,0.5714285714285714
0.0,89.18803329814722,107.16038453025914,0.8322854914071623,0.603448275862069,0.0,1.7241379310344827,29.0,4.327586206896552,0.0,0.0,0.017543859649122744,0.5,0.947896551724138,0.034482758620689655,-0.35384880679056924,0.198974609375,0.61495084,0.61495084,1.0
0.0,129.83837826871758,153.88257575757575,0.8437497073954816,0.64,0.0,1.5384615384615385,14.444444444444445,4.3307692307692305,4.734848484848485,1.1837121212121213,0.045692307692307664,1.42,0.9892366412213741,0.007633587786259542,-0.08325668576159045,0.035125732421875,0.9401042,0.76294607,1.0
0.0,52.934108063400245,62.58525826874513,0.845791956887,0.7169811320754716,0.0,0.0,17.666666666666668,4.547169811320755,5.904269647994823,5.904269647994823,0.15999999999999995,2.08,0.9435660377358489,0.018867924528301886,-0.24029246447942193,0.007038116455078125,0.66899204,0.32255623,0.6666666666666666
0.0,116.85454044184583,133.77878620048952,0.8734908109176598,0.67,0.0,0.0,13.0,4.752136752136752,2.286816858128026,2.286816858128026,0.04034482758620691,1.980000000000004,0.5952735042735043,0.42735042735042733,-0.6730881700871372,0.68017578125,0.7537694,0.19826232,0.7777777777777778
0.0,115.85578368593261,119.38519199081455,0.9704368000249689,0.56,0.0,0.8620689655172413,23.2,3.6810344827586206,2.058365379151975,0.0,0.02104347826086958,0.8200000000000003,0.9424999999999999,0.008620689655172414,-0.18158882771497253,0.38671875,0.8495595,0.34628728,0.8
0.0,90.54593874833556,93.56939730299972,0.96768752774079,0.5882352941176471,0.0,0.0,34.0,3.573529411764706,0.0,0.0,0.024477611940298422,0.4399999999999977,0.9141176470588236,0.058823529411764705,-0.22021701431936686,0.064453125,0.5643554,0.21925999,0.5
0.0,134.6773764126174,143.2785870848821,0.9399686244311642,0.69,0.0,0.7299270072992701,22.833333333333332,4.218978102189781,1.0458291028093585,0.0,0.015294117647058843,0.620000000000001,0.9563576642335767,0.021897810218978103,-0.14113844085987706,0.0546875,0.8818507,0.48449996,0.8333333333333334
0.0,49.937837795660606,59.41689742291586,0.8404652541887961,0.78,0.0,0.0,12.5,4.84,8.31836563920822,5.941689742291587,0.37857142857142845,9.920000000000002,0.77738,0.18,-0.4334417381977064,0.09466552734375,0.8608254,0.59579885,1.0
0.0,111.8508655126498,118.09916580747961,0.947092765201953,0.8333333333333334,0.0,0.0,6.461538461538462,4.976190476190476,7.029712250445215,1.405942450089043,0.10072289156626486,1.6399999999999935,0.9046666666666664,0.05952380952380952,-0.2683368012429098,0.051055908203125,0.74284196,0.2573987,0.7692307692307693
0.0,72.93643263757116,95.14232673267327,0.7666034155597723,0.6829268292682927,0.0,0.0,41.0,4.853658536585366,2.3205445544554455,2.3205445544554455,0.10024999999999999,2.0500000000000007,0.8329024390243903,0.0975609756097561,-0.2579449263669677,0.00278472900390625,0.40643284,0.40643284,0.0
0.0,94.54061251664447,96.35393105944088,0.9811806480248557,0.6338028169014085,0.0,2.816901408450704,14.2,4.549295774647887,2.7141952411110104,2.7141952411110104,0.06828571428571437,1.8000000000000043,0.9068450704225354,0.056338028169014086,-0.25927091777898376,0.1907958984375,0.5347915,0.15743822,0.5
0.0,102.86284953395472,140.45454545454547,0.7323568575233023,0.55,0.0,0.0,17.166666666666668,4.009708737864078,6.818181818181818,5.454545454545455,0.15666666666666668,8.96,0.9644854368932039,0.019417475728155338,-0.16055693604786134,0.953125,0.73443913,0.24351165,0.6666666666666666
0.0,79.90054047305698,95.55150512282972,0.8362038920302332,0.525,0.0,0.0,20.0,4.725,3.5831814421061146,3.5831814421061146,0.11924050632911404,4.680000000000003,0.8953125,0.0625,-0.30898159367214817,0.0723876953125,0.39919513,0.11522536,0.25
0.0,104.98130020590081,121.37792848335387,0.8649126041090598,0.59,0.0,0.0,26.25,4.238095238095238,2.3119605425400738,1.1559802712700369,0.017307692307692246,1.0399999999999991,0.981047619047619,0.0,-0.13708558977871643,0.06024169921875,0.91043836,0.822951,1.0
0.0,92.43958831622042,108.82254836557703,0.8494525234391689,0.6206896551724138,0.0,0.0,12.428571428571429,3.9770114942528734,3.7525016677785183,2.5016677785190122,0.05500000000000001,1.4100000000000001,0.9760344827586206,0.011494252873563218,-0.15818931325668037,0.04107666015625,0.8943768,0.62569416,1.0
0.0,118.85205395367225,132.27442775447255,0.8985263135992175,0.73,0.0,0.0,23.8,4.638655462184874,2.223099626125589,2.223099626125589,0.06474576271186436,3.219999999999999,0.8916386554621848,0.08403361344537816,-0.2212839648858005,0.055328369140625,0.6236437,0.14019719,0.6
0.0,104.86945937088728,105.85622246609293,0.9906782702781434,0.66,0.0,0.0,35.0,4.095238095238095,3.0244634990312265,1.0081544996770755,0.04115384615384614,2.040000000000001,0.9332285714285715,0.0380952380952381,-0.24041069694794714,0.307373046875,0.58403885,0.2278762,0.6666666666666666
0.0,117.3172757475083,127.0995800839832,0.9230343300110742,0.55,0.0,0.8849557522123894,56.5,3.84070796460177,1.124775044991002,0.0,0.015803571428571497,0.8300000000000054,0.9206371681415929,0.04424778761061947,-0.16857638919046,0.3095703125,0.20982987,0.17905286,0.0
0.0,42.94654050426812,84.42408376963351,0.5087001076784627,0.7209302325581395,0.0,0.0,8.6,3.697674418604651,5.890052356020942,5.890052356020942,0.4842857142857144,12.899999999999999,0.8966279069767442,0.06976744186046512,-0.25960552887838395,0.06146240234375,0.4795881,0.22125971,0.4
0.0,144.9741764748154,146.18240245317594,0.991734805571091,0.76,2.7586206896551726,0.0,16.11111111111111,4.296551724137931,3.0244634990312265,2.016308999354151,0.06180555555555572,1.7000000000000028,0.9585448275862071,0.027586206896551724,-0.1874194673539273,0.9287109375,0.8662169,0.20907813,0.8888888888888888
0.0,133.83340529237043,137.00804006292316,0.9768288432628134,0.49,0.0,0.746268656716418,22.333333333333332,4.358208955223881,3.067344180513205,1.0224480601710684,0.03353383458646608,1.0799999999999983,0.9125,0.05970149253731343,-0.2128982731352683,0.11834716796875,0.52181727,0.10315674,0.5
0.0,110.10132557818044,120.62033314187248,0.9127924182457722,0.59,0.0,0.0,16.0,3.767857142857143,3.23090178058587,2.15393452039058,0.047387387387387354,2.0799999999999983,0.8558839285714287,0.05357142857142857,-0.28418985908662997,0.2327880859375,0.57463545,0.06233645,0.5714285714285714
0.0,117.85329719775903,120.71469750461152,0.976296172992993,0.58,0.0,0.0,16.857142857142858,4.203389830508475,0.0,0.0,0.006837606837606836,0.26000000000000156,0.9049830508474576,0.059322033898305086,-0.2596663809739041,0.35546875,0.6154032,0.05774572,0.5714285714285714
0.0,130.49267643142477,132.51600108176328,0.9847314691522414,0.5714285714285714,0.0,0.0,14.0,4.142857142857143,2.7044081853421074,0.0,0.03298969072164942,0.8999999999999986,0.9245102040816326,0.030612244897959183,-0.19436197963619242,0.390625,0.94232005,0.9009919,1.0
0.0,128.98936170212767,129.58674741717138,0.9953900709219858,0.6907216494845361,3.0927835051546393,1.0309278350515463,19.4,3.8762886597938144,1.3359458496615606,1.3359458496615606,0.036250000000000004,1.6799999999999997,0.9393814432989692,0.041237113402061855,-0.1845614843232659,0.140380859375,0.47972387,0.08751785,0.4
0.0,81.89081225033289,87.7568493150685,0.9331557922769641,0.5365853658536586,0.0,2.4390243902439024,27.333333333333332,4.134146341463414,5.351027397260274,3.210616438356164,0.10827160493827159,2.7799999999999994,0.9547317073170734,0.024390243902439025,-0.1406312438771319,0.037628173828125,0.53299206,0.14687581,0.3333333333333333
0.0,134.83216204828364,147.8677268417576,0.911843070344727,0.74,5.185185185185185,1.4814814814814814,135.0,4.0962962962962965,2.19063299024826,1.09531649512413,0.0340298507462687,2.16,0.9562444444444446,0.02962962962962963,-0.1793953264017164,0.77294921875,0.27999952,0.27999952,0.0
0.0,67.91545940209843,107.06782110095504,0.6343218597683092,0.6176470588235294,0.0,0.0,34.0,3.75,4.723580342689193,3.1490535617927953,0.23283582089552246,12.0,0.8796911764705881,0.10294117647058823,-0.32090287976445125,0.03143310546875,0.68257046,0.41350716,0.5
0.0,92.88437829992873,129.74330357142858,0.7159088426385906,0.5806451612903226,0.0,0.0,10.333333333333334,3.6881720430107525,9.765625,8.370535714285714,0.22402173913043477,5.860000000000001,0.9213440860215051,0.043010752688172046,-0.30964279098137104,0.062744140625,0.8246479,0.1799154,0.7777777777777778
0.0,104.98130020590081,117.46718377088307,0.8937074750226782,0.63,0.0,0.0,35.0,4.104761904761904,3.356205250596659,3.356205250596659,0.04403846153846155,1.580000000000001,0.9601142857142857,0.009523809523809525,-0.15987141505401167,0.0261993408203125,0.5694814,0.25413322,0.3333333333333333
0.0,120.84956746549868,136.43875584204773,0.8857422271235285,0.56,0.0,0.8264462809917356,17.285714285714285,4.479338842975206,3.382779070463993,2.2551860469759952,0.034833333333333265,1.3000000000000007,0.8865041322314049,0.06611570247933884,-0.20733354317468808,0.052337646484375,0.78943974,0.33596167,0.8333333333333334
0.0,109.86324315045334,120.97952169554632,0.9081143784559844,0.55,0.0,0.0,18.333333333333332,3.8,2.199627667191751,2.199627667191751,0.04394495412844039,1.7299999999999969,0.8342818181818182,0.09090909090909091,-0.2999250195964816,0.48974609375,0.47967875,0.098696016,0.5
0.0,71.9104116121998,116.1954073227314,0.6188748184553411,0.6805555555555556,0.0,1.3888888888888888,12.0,4.027777777777778,12.910600813636822,11.29677571193222,0.313661971830986,5.759999999999998,0.8802777777777777,0.09722222222222222,-0.2494454461384595,0.06390380859375,0.9557689,0.8955288,1.0
0.0,115.85578368593261,123.45090509600814,0.9384765838357461,0.63,0.0,0.0,38.666666666666664,4.586206896551724,1.0642319404828289,0.0,0.04260869565217391,0.8000000000000007,0.864448275862069,0.06896551724137931,-0.3361667556368235,0.1583251953125,0.4600925,0.3131713,0.3333333333333333
0.0,125.33333333333333,129.71481140754372,0.9662222222222222,0.5957446808510638,0.0,0.0,31.333333333333332,3.75531914893617,2.759889604415824,1.379944802207912,0.04125000000000001,2.3200000000000003,0.9045360824742268,0.05154639175257732,-0.22627852662577147,0.2218017578125,0.51956046,0.10897912,0.6666666666666666
0.0,112.85951341819298,133.52058380792138,0.8452592866171795,0.46,0.0,2.6548672566371683,37.666666666666664,4.292035398230088,4.726392347183058,4.726392347183058,0.08187500000000004,3.2600000000000016,0.9267168141592921,0.02654867256637168,-0.16932177763801437,0.405517578125,0.39232615,0.082119465,0.3333333333333333
0.0,127.82956058588549,130.94480312812587,0.9762094984465157,0.625,3.125,0.0,48.0,3.9791666666666665,1.3640083659179776,1.3640083659179776,0.0330526315789474,1.2200000000000024,0.9355520833333334,0.010416666666666666,-0.20889499684851962,0.114501953125,0.57314956,0.50399244,1.0
0.0,70.14548693586698,97.14226973684211,0.7220902612826603,0.5714285714285714,0.0,0.0,31.5,4.333333333333333,4.625822368421053,0.0,0.054193548387096765,0.9000000000000004,0.9572857142857143,0.0,-0.18255615503294392,0.300537109375,0.34911317,0.33819124,0.0
0.0,116.85454044184583,132.16683238511004,0.8841442163140674,0.57,0.0,0.0,16.714285714285715,4.05982905982906,4.518524184106326,3.388893138079745,0.07396551724137933,2.8000000000000043,0.9782307692307691,0.0,-0.11606403778035346,0.03363037109375,0.9405327,0.76845556,1.0
0.0,100.87443234723443,100.87443234723443,1.0,0.63,1.9801980198019802,0.0,16.833333333333332,3.910891089108911,1.9975135118264244,0.0,0.030200000000000057,0.9000000000000004,0.9282970297029701,0.0297029702970297,-0.20187378963183242,0.12841796875,0.7736735,0.24032262,0.6666666666666666
0.0,146.47137150466045,158.16717791411043,0.9260541500221926,0.67,0.0,0.0,13.75,4.136363636363637,2.875766871165644,0.0,0.048108108108108213,0.9600000000000009,0.9742857142857143,0.0,-0.1469700736185861,0.0165252685546875,0.8325941,0.45238572,0.8571428571428571
0.0,105.86821612680049,109.15327904988592,0.9699041297551485,0.5,0.0,0.0,26.5,4.273584905660377,0.0,0.0,0.009333333333333329,0.3000000000000007,0.8998018867924528,0.05660377358490566,-0.21356801548027904,0.10321044921875,0.38918635,0.05876812,0.25
0.0,72.90279627163781,78.28138404346583,0.9312916111850865,0.7123287671232876,0.0,0.0,24.333333333333332,4.36986301369863,2.1446954532456393,2.1446954532456393,0.0870833333333333,3.2299999999999986,0.8620547945205479,0.0684931506849315,-0.32130057679194285,0.226318359375,0.68950266,0.2095348,0.6666666666666666
0.0,114.51398135818908,118.33776717732319,0.96768752774079,0.3953488372093023,0.0,2.3255813953488373,17.2,4.430232558139535,1.3760205485735253,0.0,0.01929411764705886,0.5600000000000005,0.8975581395348835,0.08139534883720931,-0.22896090011632317,0.047637939453125,0.63150936,0.07418417,0.6
0.0,109.78164833115287,123.19123973406336,0.891148173913517,0.75,0.0,1.1904761904761905,16.8,5.511904761904762,0.0,0.0,0.01783132530120487,0.4400000000000013,0.9448571428571428,0.023809523809523808,-0.15934934637551684,0.64697265625,0.8754436,0.4501956,0.8
0.0,103.86151797603195,106.06472667935817,0.9792276964047937,0.61,0.0,0.0,26.0,4.221153846153846,3.059559423443024,1.0198531411476748,0.030000000000000016,1.2500000000000002,0.9365480769230768,0.028846153846153848,-0.1945765302047662,0.1959228515625,0.7219599,0.17892368,0.75
0.0,120.84956746549868,131.3820564413514,0.9198331243920328,0.68,0.0,0.8264462809917356,24.2,4.5041322314049586,0.0,0.0,0.016749999999999984,0.5,0.9475454545454547,0.01652892561983471,-0.23141025733910656,0.25830078125,0.780078,0.15752463,0.8
0.0,130.83713502463078,152.65692977004352,0.8570664641409911,0.7,1.5267175572519085,0.0,26.2,4.297709923664122,5.8266003729024245,2.3306401491609696,0.04892307692307693,1.3800000000000026,0.9649923664122136,0.022900763358778626,-0.1553677744947392,0.00699615478515625,0.67821205,0.21309797,0.6
0.0,101.60427807486631,102.29720028715003,0.9932263814616755,0.5131578947368421,0.0,0.0,12.666666666666666,4.434210526315789,1.346015793251974,0.0,0.03013333333333333,0.8599999999999994,0.9188552631578947,0.05263157894736842,-0.21614582324376252,0.08465576171875,0.37900618,0.0923944,0.3333333333333333
0.0,91.88562154401552,116.08344549125168,0.7915480209530844,0.7717391304347826,0.0,0.0,15.333333333333334,4.663043478260869,5.047106325706595,3.785329744279946,0.08670329670329668,2.1799999999999997,0.8864239130434782,0.05434782608695652,-0.30181760447365896,0.08489990234375,0.64322084,0.23734209,0.6
0.0,126.66470881162456,130.79766357399342,0.9684019221029067,0.6559139784946236,0.0,0.0,93.0,3.795698924731183,0.0,0.0,0.009130434782608676,0.20000000000000107,0.9269892473118281,0.03225806451612903,-0.1618689803255666,0.09112548828125,0.59541684,0.59541684,1.0
0.0,137.82843231602328,140.5612902609742,0.9805575351515561,0.56,1.4492753623188406,0.7246376811594203,23.0,4.072463768115942,3.0556802230646563,2.037120148709771,0.032554744525547415,1.3800000000000008,0.8884565217391305,0.08695652173913043,-0.20888927767282017,0.1624755859375,0.7014501,0.2830168,0.6666666666666666
0.0,108.86448639454012,117.60329343168074,0.9256924973600569,0.68,2.7522935779816513,0.0,27.25,3.9357798165137616,3.236787892615066,3.236787892615066,0.07740740740740737,3.360000000000001,0.9448990825688074,0.045871559633027525,-0.2648135495922637,0.87890625,0.47022086,0.20129195,0.25
0.0,114.66666666666667,114.95277134200677,0.997511111111111,0.5930232558139535,0.0,1.1627906976744187,17.2,3.883720930232558,1.3366601318837996,1.3366601318837996,0.03152941176470587,1.7399999999999984,0.9313372093023256,0.046511627906976744,-0.16323785034318766,0.3134765625,0.7585461,0.30807176,0.8
0.0,149.81351338698184,184.42622950819674,0.8123221614760792,0.63,0.0,0.0,15.0,3.92,3.6885245901639347,1.2295081967213115,0.03677852348993294,1.2799999999999994,0.7136600000000001,0.24666666666666667,-0.48728570037227953,0.09539794921875,0.8066961,0.3577538,0.8
0.0,62.92167562253237,98.51959966638864,0.6386716535146354,0.5714285714285714,0.0,0.0,10.5,4.412698412698413,4.691409507923269,4.691409507923269,0.23016129032258073,8.32,0.9264920634920636,0.015873015873015872,-0.18083478208757667,0.025665283203125,0.8720562,0.5910285,1.0
0.0,83.89556749670982,91.09311740890688,0.9209868965194368,0.6190476190476191,0.0,0.0,21.0,3.869047619047619,3.2533256217466744,1.0844418739155581,0.05036144578313244,1.3800000000000026,0.990202380952381,0.0,-0.11956361417528674,0.00800323486328125,0.8568487,0.726482,1.0
0.0,132.83464853645722,137.5608589365537,0.9656427675965855,0.7,0.0,0.0,22.166666666666668,4.323308270676692,3.102876517365873,1.0342921724552911,0.03181818181818181,1.8200000000000003,0.9580225563909774,0.022556390977443608,-0.12817007289069074,0.192138671875,0.8871703,0.67213655,1.0
0.0,126.84210800097794,129.7801338038289,0.9773615135326338,0.49,0.0,0.0,31.75,4.070866141732283,2.043781634705967,1.0218908173529835,0.02698412698412695,1.1199999999999974,0.9298503937007874,0.031496062992125984,-0.1744899059086148,0.0301055908203125,0.40168333,0.15790254,0.25
0.0,90.88686478810232,96.08161658199768,0.9459339676132313,0.6263736263736264,0.0,0.0,15.166666666666666,4.714285714285714,0.0,0.0,0.0264444444444444,0.41999999999999993,0.9444285714285714,0.01098901098901099,-0.10906992703357825,0.0872802734375,0.8921914,0.80667377,1.0
0.0,144.81972960741575,147.2911444373785,0.983220886500658,0.52,0.0,0.0,18.125,4.3517241379310345,0.0,0.0,0.008194444444444405,0.3200000000000003,0.9564827586206897,0.027586206896551724,-0.1651510394862736,0.5185546875,0.72708774,0.228014,0.75
0.0,140.81225033288948,150.3839590443686,0.9363515312916112,0.68,0.0,0.0,17.625,4.163120567375887,1.0665529010238908,0.0,0.03185714285714284,0.5400000000000063,0.9879645390070921,0.0,-0.12951389071917294,0.76611328125,0.97324026,0.9577438,1.0
0.0,87.89059452036267,104.36432637571158,0.8421516965860205,0.5227272727272727,0.0,1.1363636363636365,8.0,3.965909090909091,3.5578747628083494,2.3719165085388996,0.06160919540229894,1.8200000000000003,0.9142272727272727,0.03409090909090909,-0.3024798719528711,0.1181640625,0.72115886,0.32171863,0.7
0.0,127.9772040605267,136.986301369863,0.934233589641845,0.54,0.0,3.90625,21.333333333333332,3.828125,4.280821917808219,2.1404109589041096,0.035275590551181076,1.4200000000000017,0.9580312499999999,0.0234375,-0.231151713207724,0.0186920166015625,0.75379664,0.1516235,0.6666666666666666
0.0,85.89308100853624,87.07584014580141,0.9864169081195803,0.5581395348837209,0.0,0.0,17.2,3.9302325581395348,0.0,0.0,0.01411764705882356,0.38000000000000256,0.9293953488372093,0.023255813953488372,-0.14736663072619985,0.038482666015625,0.43421108,0.04822041,0.4
0.0,108.86448639454012,124.02645044216425,0.8777521730762228,0.48,0.0,0.0,36.333333333333336,4.027522935779817,2.275714687012188,2.275714687012188,0.07537037037037038,4.990000000000002,0.9076513761467891,0.07339449541284404,-0.2238064252254036,0.12249755859375,0.606001,0.17598875,0.6666666666666666
0.0,106.8669728827137,134.37709310113866,0.7952767128418271,0.66,0.0,0.0,26.75,4.4766355140186915,2.511721366376423,1.2558606831882115,0.03264150943396233,1.42,0.9621308411214953,0.009345794392523364,-0.18075926637262327,0.00275421142578125,0.76135546,0.22358279,0.75
0.0,126.52439024390243,130.72238555228898,0.9678861788617885,0.7590361445783133,0.0,0.0,16.6,4.819277108433735,0.0,0.0,0.023170731707317024,0.35999999999999943,0.9645301204819277,0.012048192771084338,-0.17821902729578765,0.35498046875,0.85798246,0.3974241,0.8
0.0,148.6563869555683,150.29583187545114,0.989091880330777,0.6,2.684563758389262,0.0,37.25,4.060402684563758,1.0086968582245044,0.0,0.012567567567567581,0.9200000000000017,0.9584362416107381,0.03355704697986577,-0.1061730462033246,0.0645751953125,0.78051186,0.5209567,1.0
0.0,102.87194585906086,116.00255749975071,0.8868075676631693,0.59,6.796116504854369,0.0,20.6,3.8932038834951457,7.883668956293738,2.2524768446553534,0.08686274509803918,1.4600000000000009,0.9100970873786406,0.05825242718446602,-0.20235560726662646,0.03338623046875,0.6829334,0.14758608,0.6
0.0,134.83216204828364,136.10085745640518,0.9906782702781434,0.71,2.962962962962963,0.0,33.75,3.8814814814814813,1.0081544996770755,1.0081544996770755,0.018656716417910446,1.3000000000000007,0.9624814814814815,0.022222222222222223,-0.14527292920626095,0.2322998046875,0.8738704,0.5653433,1.0
0.0,92.91302744230211,130.77285579641847,0.7104916909281623,0.6216216216216216,0.0,0.0,37.0,4.162162162162162,3.5344015080113103,3.5344015080113103,0.13944444444444454,4.48,0.8552432432432433,0.08108108108108109,-0.2473366382447156,0.00942230224609375,0.42567715,0.42567715,0.0
0.0,92.88437829992873,111.29130574070172,0.8346058812207721,0.5268817204301075,0.0,1.075268817204301,15.5,3.6021505376344085,9.573445655114126,7.180084241335595,0.14195652173913054,3.5800000000000054,0.9338064516129033,0.021505376344086023,-0.2601179023874137,0.00628662109375,0.7518262,0.32493046,0.8
0.0,152.80978365472146,183.7959724556308,0.8314098596018498,0.6,0.0,0.6535947712418301,15.3,4.372549019607843,2.4025617314461543,1.2012808657230771,0.0250657894736842,2.169999999999998,0.9181372549019607,0.058823529411764705,-0.12156915359483655,0.740234375,0.88102627,0.49130204,0.9
0.0,127.84086475689116,130.87335170189675,0.9768288432628134,0.67,0.0,1.5625,21.333333333333332,4.046875,1.0224480601710684,0.0,0.0177952755905512,0.6600000000000001,0.9590703125000001,0.0078125,-0.12577781258660817,0.059844970703125,0.6826041,0.18046011,0.6666666666666666
0.0,97.8781620794948,121.9309887193099,0.8027340966193123,0.5,0.0,4.081632653061225,98.0,3.693877551020408,2.4883875248838754,2.4883875248838754,0.06429999999999995,3.289999999999999,0.8995841584158414,0.06930693069306931,-0.19545784827408402,0.017059326171875,0.29691792,0.29691792,0.0
0.0,118.85193030349689,133.22200402091624,0.8921343825817002,0.49,3.361344537815126,0.8403361344537815,19.833333333333332,3.453781512605042,1.1195126388312289,0.0,0.0474576271186441,0.5600000000000023,0.9431680672268907,0.025210084033613446,-0.10482584484231969,0.051666259765625,0.8448355,0.44584224,0.8333333333333334
0.0,91.02436155184967,96.79883649986071,0.9403456161581099,0.559322033898305,0.0,0.0,11.8,3.6779661016949152,6.5626329830414045,6.5626329830414045,0.1291379310344827,1.87,0.9499830508474576,0.03389830508474576,-0.230436562833872,0.07061767578125,0.7484938,0.1510493,0.8
0.0,113.18242343541944,119.41556617027256,0.94780292942743,0.6470588235294118,0.0,0.0,28.333333333333332,4.3882352941176475,1.4048890137679124,1.4048890137679124,0.02619047619047617,1.5399999999999991,0.9573647058823527,0.011764705882352941,-0.13365849127869733,0.2391357421875,0.5796111,0.3902064,0.6666666666666666
0.0,102.87194585906086,120.70312499999999,0.8522724317126077,0.46,0.0,0.970873786407767,34.333333333333336,3.407766990291262,2.34375,1.171875,0.03352941176470585,2.239999999999995,0.925485436893204,0.02912621359223301,-0.22541288049081035,0.124755859375,0.30633274,0.08418241,0.3333333333333333
0.0,110.337972166998,165.57279236276852,0.6664015904572564,0.7837837837837838,0.0,0.0,18.5,3.864864864864865,4.4749403341288785,0.0,0.015555555555555569,0.5600000000000005,0.979081081081081,0.0,-0.14184027910232544,0.00821685791015625,0.92365944,0.91669667,1.0
0.0,115.85578368593261,137.4841972187105,0.8426843668558409,0.69,0.0,0.0,16.571428571428573,4.879310344827586,7.111251580278129,0.0,0.06678260869565232,0.7800000000000011,0.9752758620689654,0.0,-0.17506115854426163,0.12744140625,0.9305021,0.70285213,1.0
0.0,101.87318910314764,114.79591836734694,0.8874286695207527,0.55,1.9607843137254901,0.0,34.0,3.5784313725490198,1.125450180072029,1.125450180072029,0.02950495049504951,1.9199999999999982,0.9799705882352941,0.00980392156862745,-0.13389701312748334,0.0281829833984375,0.7125589,0.22374734,0.6666666666666666
0.0,128.31241283124126,132.7050677949803,0.9668991166899115,0.6086956521739131,0.0,0.0,9.2,3.902173913043478,1.4424463890758727,0.0,0.022857142857142878,0.5799999999999983,0.8940217391304346,0.06521739130434782,-0.2488688938846492,0.11639404296875,0.6814415,0.0638579,0.6666666666666666
0.0,167.79113499341963,179.28286852589642,0.9359016640744072,0.18,0.0,0.0,84.0,3.4464285714285716,2.1343198634035287,0.0,0.0258682634730539,0.740000000000002,0.7943095238095237,0.20238095238095238,-0.49119124420607635,0.1842041015625,0.8119464,0.67857355,1.0
0.0,81.8980539848834,124.89845653939885,0.6557171021488876,0.7926829268292683,0.0,0.0,10.25,4.939024390243903,1.523151909017059,1.523151909017059,0.04617283950617278,1.6400000000000006,0.928560975609756,0.024390243902439025,-0.3043610584546031,0.190673828125,0.9646783,0.8689375,1.0
0.0,55.930378331139885,113.14655172413794,0.49431801039331247,0.6607142857142857,0.0,0.0,14.0,3.892857142857143,12.122844827586206,12.122844827586206,0.22854545454545455,4.390000000000001,0.9255178571428571,0.03571428571428571,-0.20650653474366487,0.005474090576171875,0.346547,0.099783495,0.25
0.0,128.7792290244789,138.9412140342116,0.9268612622944944,0.61,0.0,0.0,10.076923076923077,4.938931297709924,2.1212399089192613,0.0,0.05446153846153837,0.9399999999999995,0.9889770992366411,0.0,-0.12989704942316008,0.296875,0.86834425,0.3837624,0.9230769230769232
0.0,92.88437829992873,104.1147968257115,0.892134270361373,0.5376344086021505,0.0,0.0,15.5,4.236559139784946,3.3585418330874677,2.2390278887249786,0.12434782608695662,7.080000000000005,0.9227311827956989,0.021505376344086023,-0.21422224794385358,0.186767578125,0.5938434,0.062356632,0.5
0.0,121.84832422141189,123.65974564862768,0.9853515675799395,0.49,0.0,0.819672131147541,30.5,3.622950819672131,2.02720894505947,0.0,0.015934959349593502,0.7000000000000011,0.94525,0.03225806451612903,-0.1725612032810618,0.07916259765625,0.7479445,0.44729385,0.75
0.0,64.91918913435879,81.3042028018679,0.7984727344607494,0.7076923076923077,0.0,1.5384615384615385,32.5,4.8,1.2508338892595061,1.2508338892595061,0.05484374999999998,2.8099999999999987,0.7936923076923076,0.13846153846153847,-0.42846105181995564,0.12890625,0.15339537,0.14927867,0.0
0.0,141.82345933967613,145.58456496038394,0.9741654919137116,0.65,0.0,0.704225352112676,28.4,4.387323943661972,2.0504868304279427,2.0504868304279427,0.03914893617021273,2.6599999999999966,0.9504647887323944,0.028169014084507043,-0.1794210041414714,0.94384765625,0.8281843,0.38408723,0.8
0.0,87.89059452036267,102.49504085606654,0.8575107028230483,0.5568181818181818,0.0,2.272727272727273,29.333333333333332,4.136363636363637,6.988298240186355,5.8235818668219625,0.13183908045977005,3.6099999999999994,0.9216249999999999,0.022727272727272728,-0.19301246332087318,0.0010023117065429688,0.4626452,0.15145713,0.3333333333333333
0.0,134.97595740758675,140.4039430107329,0.9613402196067159,0.6,0.0,0.0,16.875,4.355555555555555,5.200146037434551,1.0400292074869102,0.05022058823529417,1.9499999999999957,0.9730729927007298,0.0,-0.10066013233643752,0.1085205078125,0.8951466,0.459245,0.875
0.0,129.16111850865514,129.16111850865514,1.0,0.5670103092783505,0.0,0.0,19.4,3.9690721649484537,2.663115845539281,1.3315579227696406,0.025624999999999964,1.0399999999999991,0.9121855670103093,0.061855670103092786,-0.1762674822465523,0.73388671875,0.66759026,0.19554093,0.8
0.0,23.9701372040666,115.97938144329898,0.2066758496706187,0.875,0.0,0.0,8.0,4.208333333333333,9.664948453608247,9.664948453608247,0.162608695652174,1.9400000000000013,0.9689583333333335,0.0,-0.1914062482469222,0.005481719970703125,0.74312735,0.49890736,0.6666666666666666
0.0,107.85619174434088,125.14162117622824,0.8618730581446958,0.5802469135802469,0.0,2.4691358024691357,40.5,3.7037037037037037,3.089916572252549,3.089916572252549,0.04574999999999997,1.879999999999999,0.9228888888888888,0.06172839506172839,-0.1724588379010184,0.07440185546875,0.5644852,0.17152536,0.5
0.0,88.88935127627589,93.18284188036519,0.9539240216605371,0.6179775280898876,0.0,0.0,44.5,3.898876404494382,0.0,0.0,0.007045454545454597,0.2400000000000002,0.9352134831460676,0.0449438202247191,-0.20993775761224392,0.0953369140625,0.4916187,0.116766326,0.5
0.0,144.8195789412357,149.64202016727225,0.9677734822034215,0.59,0.0,0.0,29.0,4.027586206896552,2.064027864376169,0.0,0.015972222222222252,0.7400000000000002,0.907406896551724,0.07586206896551724,-0.22397454521063173,0.0653076171875,0.6690432,0.19970582,0.6
0.0,82.89681074079661,113.01742919389977,0.733486961542663,0.6385542168674698,0.0,2.4096385542168677,11.857142857142858,4.614457831325301,6.808278867102396,4.084967320261438,0.10554216867469873,2.4399999999999995,0.9430714285714286,0.03571428571428571,-0.2138161194791105,0.037689208984375,0.9163126,0.8006994,1.0
0.0,105.33333333333333,110.39686975964226,0.9541333333333333,0.7088607594936709,0.0,0.0,19.75,3.911392405063291,0.0,0.0,0.021025641025640987,0.3999999999999986,0.9469746835443037,0.02531645569620253,-0.1537793765119726,0.06884765625,0.6474269,0.3045457,0.75
0.0,139.81358189081226,155.3101272063899,0.9002219263204616,0.64,0.0,0.0,26.25,3.9523809523809526,0.0,0.0,0.011153846153846155,0.27999999999999936,0.9222,0.0380952380952381,-0.17197014387025208,0.2049560546875,0.19161686,0.09505452,0.0
0.0,137.82828892338296,140.56114112559254,0.9805575553789238,0.66,0.0,0.0,15.333333333333334,3.8115942028985508,2.0371179873274285,0.0,0.026241134751773046,0.9200000000000017,0.9545281690140845,0.02112676056338028,-0.15332392515360055,0.279541015625,0.6964418,0.26331106,0.7777777777777778
0.0,125.84335124506474,131.7746105099403,0.9549893622001779,0.53,0.0,0.7936507936507936,42.0,4.492063492063492,1.0458302421423833,0.0,0.012160000000000011,0.759999999999998,0.8983571428571429,0.06349206349206349,-0.2506698174409338,0.351318359375,0.6015174,0.27819005,0.6666666666666666
0.0,98.41160220994475,122.21269296740995,0.8052486187845304,0.618421052631579,0.0,1.3157894736842106,12.666666666666666,3.513157894736842,3.216123499142367,1.6080617495711835,0.056266666666666625,2.5,0.8197368421052631,0.13157894736842105,-0.30718174370336326,0.066650390625,0.7717081,0.27615798,0.8333333333333334
0.0,84.8942359310692,107.98964569867712,0.7861331091681614,0.6352941176470588,0.0,0.0,17.0,4.329411764705882,3.81139925995331,2.5409328399688738,0.06309523809523798,3.0199999999999996,0.951270588235294,0.0,-0.15869341253622535,0.08245849609375,0.9762553,0.9714595,1.0
0.0,69.91297291392485,107.33264014336574,0.6513673084025614,0.5285714285714286,0.0,0.0,23.333333333333332,3.7857142857142856,13.799910875575595,12.266587444956084,0.33246376811594197,5.020000000000003,0.9442571428571428,0.02857142857142857,-0.1825255736359147,0.0977783203125,0.6717212,0.3039727,0.6666666666666666
0.0,124.84459448915152,131.0211020403261,0.9528586811208963,0.58,0.0,0.0,12.5,4.784,5.240844081613044,0.0,0.05285714285714278,0.9200000000000017,0.9936299212598425,0.0,-0.14880368945260142,0.1207275390625,0.96821547,0.9360002,1.0
0.0,93.87483355525964,99.91496598639456,0.9395472703062584,0.6595744680851063,0.0,0.0,31.333333333333332,5.031914893617022,1.0629251700680273,0.0,0.032473118279569904,0.6799999999999997,0.8880638297872339,0.0851063829787234,-0.285969057640219,0.1864013671875,0.386434,0.09352165,0.3333333333333333
0.0,72.9092431816645,92.10969044414536,0.7915480209530844,0.6027397260273972,0.0,0.0,36.5,4.205479452054795,2.5235531628532977,2.5235531628532977,0.11972222222222229,6.170000000000002,0.9476575342465754,0.0136986301369863,-0.1600540936760936,0.03668212890625,0.1773234,0.13388819,0.0
0.0,126.49800266311584,149.60629921259843,0.8455392809587217,0.7263157894736842,0.0,0.0,11.875,4.684210526315789,7.874015748031496,3.149606299212598,0.08127659574468085,2.9800000000000004,0.909642105263158,0.042105263157894736,-0.27277099892573187,0.047210693359375,0.852336,0.4885026,0.875
0.0,101.19840213049268,103.51402887496596,0.97762982689747,0.5263157894736842,0.0,1.3157894736842106,19.0,3.8421052631578947,1.3620266957232363,0.0,0.024266666666666575,0.6999999999999957,0.9341578947368421,0.039473684210526314,-0.18526579320967973,0.087158203125,0.679079,0.37604046,0.5
0.0,61.922918866619156,97.21249062908828,0.6369852111174111,0.5806451612903226,0.0,0.0,12.4,4.17741935483871,14.111490575190233,14.111490575190233,0.34573770491803274,5.149999999999999,0.9011129032258064,0.04838709677419355,-0.18864493310814212,0.0245513916015625,0.59789526,0.17494518,0.6
0.0,120.84956746549868,124.39454574465921,0.9715021405646096,0.67,1.6528925619834711,2.479338842975207,20.166666666666668,4.677685950413223,1.0280540970632992,0.0,0.04633333333333326,0.7000000000000028,0.9241487603305786,0.04132231404958678,-0.25421403493074385,0.0791015625,0.5438835,0.17393571,0.4
0.0,107.86572963862692,122.35649546827794,0.8815692965527286,0.64,0.0,0.0,21.6,4.2592592592592595,4.531722054380665,2.2658610271903323,0.053084112149532764,1.9600000000000009,0.9453981481481483,0.018518518518518517,-0.1648220478163825,0.06414794921875,0.8308891,0.53839034,1.0
0.0,114.51398135818908,115.29180445079989,0.9932534398579671,0.5581395348837209,0.0,0.0,28.666666666666668,3.86046511627907,0.0,0.0,0.015294117647058821,0.3000000000000007,0.939,0.03488372093023256,-0.15387736428739077,0.04254150390625,0.6909891,0.17785409,0.6666666666666666
0.0,81.42594707313441,135.94164456233423,0.598977210664813,0.5975609756097561,0.0,0.0,27.333333333333332,3.8536585365853657,4.973474801061008,4.973474801061008,0.09765432098765421,3.0400000000000027,0.7626341463414633,0.1951219512195122,-0.44143283431048075,0.423828125,0.9285459,0.88971484,1.0
0.0,74.16930379746834,112.88380493678507,0.6570411392405063,0.8,2.0,0.0,12.5,3.64,9.030704394942806,9.030704394942806,0.34489795918367344,8.130000000000003,0.93328,0.04,-0.17729166666666665,0.006679534912109375,0.9521305,0.91723526,1.0
0.0,88.70636550308008,101.96374622356494,0.8699794661190965,0.5138888888888888,0.0,1.3888888888888888,18.0,3.4583333333333335,2.832326283987915,1.4161631419939575,0.03859154929577464,1.5399999999999991,0.9559444444444445,0.013888888888888888,-0.13900726401444638,0.2445068359375,0.775861,0.16967118,0.75
0.0,129.16111850865514,129.94552112172906,0.9939636040834442,0.6288659793814433,0.0,0.0,32.333333333333336,3.7731958762886597,0.0,0.0,0.02562500000000009,0.5,0.9052164948453608,0.05154639175257732,-0.2876262555670637,0.5498046875,0.5079014,0.2650667,0.3333333333333333
0.0,131.83589178054402,172.7345964005447,0.7632280650648411,0.51,0.0,1.5151515151515151,22.0,4.007575757575758,1.3085954272768536,1.3085954272768536,0.025954198473282352,2.34,0.8956363636363636,0.06818181818181818,-0.19164973199569438,0.06829833984375,0.4824487,0.09173912,0.3333333333333333
0.0,136.77146523894868,143.61702127659575,0.9523346468489758,0.81,0.0,0.0,18.0,4.444444444444445,7.9787234042553195,1.1398176291793314,0.06527999999999987,1.58,0.9582857142857141,0.03968253968253968,-0.19778280533549988,0.32958984375,0.86331797,0.4194378,0.8571428571428571
0.0,49.937837795660606,71.3017773453457,0.7003729732260363,0.84,0.0,0.0,12.5,4.74,7.130177734534569,7.130177734534569,0.3667346938775509,6.299999999999999,0.85582,0.04,-0.3136842133148372,0.287353515625,0.710269,0.5130571,1.0
0.0,134.83216204828364,139.70650853384703,0.9651100973267651,0.52,0.0,0.0,22.5,4.111111111111111,2.0697260523532894,0.0,0.01761194029850751,0.980000000000004,0.9350740740740741,0.037037037037037035,-0.17184622615455208,0.1558837890625,0.6370098,0.27349547,0.6666666666666666
0.0,65.91794589027201,74.7809152872444,0.8814808649649655,0.5606060606060606,0.0,0.0,8.25,4.287878787878788,6.798265026113127,5.665220855094273,0.20430769230769222,3.219999999999999,0.8615454545454546,0.045454545454545456,-0.28564739033405545,0.238525390625,0.56729996,0.039411984,0.5
0.0,138.4820239680426,140.73071718538563,0.9840213049267643,0.58,0.0,0.0,20.8,3.9423076923076925,0.0,0.0,0.01766990291262133,0.5,0.9547403846153847,0.038461538461538464,-0.13901661586372172,0.1839599609375,0.59007084,0.051072743,0.6
0.0,99.87567559132121,122.96420588819223,0.8122337298883161,0.42,2.0,0.0,25.0,3.28,3.688926176645767,3.688926176645767,0.12323232323232317,8.07,0.94333,0.05,-0.2020208575801244,0.0975341796875,0.34505296,0.22191529,0.0
0.0,50.93659455157382,90.91263585367076,0.5602806922632764,0.6470588235294118,9.803921568627452,0.0,25.5,4.431372549019608,3.5652014060263046,3.5652014060263046,0.13799999999999998,3.7200000000000024,0.8617254901960782,0.11764705882352941,-0.4063936827854179,0.068603515625,0.70901453,0.6179162,1.0
0.0,26.96643240965673,85.10778020390406,0.31685037895536283,0.7407407407407407,0.0,0.0,27.0,3.888888888888889,6.304280015104004,6.304280015104004,0.28307692307692334,6.050000000000004,0.9394444444444445,0.0,-0.2217092803030303,0.01012420654296875,0.91539586,0.91539586,1.0
0.0,48.03202134756504,60.893098782138026,0.7887925283522348,0.8541666666666666,0.0,2.0833333333333335,16.0,5.166666666666667,3.8058186738836266,3.8058186738836266,0.26829787234042535,7.419999999999995,0.8368541666666666,0.08333333333333333,-0.41090063358736195,0.27880859375,0.21754795,0.04962602,0.0
0.0,135.83077748971073,136.59475633487477,0.9944069679857178,0.6,0.0,0.0,22.666666666666668,4.088235294117647,0.0,0.0,0.01200000000000003,0.379999999999999,0.9869191176470589,0.0,-0.09116830425873114,0.0257568359375,0.79367805,0.5359273,1.0
0.0,142.82221609558934,162.61491608061095,0.8782848433460432,0.6,0.0,0.6993006993006993,17.875,4.328671328671328,3.4115017359568727,0.0,0.046056338028169,0.8399999999999999,0.9063076923076921,0.04195804195804196,-0.28020339531821536,0.19482421875,0.6754291,0.17056331,0.75
0.0,114.8570269300194,116.56451434091953,0.9853515675799395,0.61,0.0,0.0,57.5,4.052173913043478,1.013604472529735,0.0,0.009122807017543864,0.6999999999999993,0.9291999999999999,0.02608695652173913,-0.17679149084334211,0.0379638671875,0.6378162,0.2976126,0.5
0.0,144.81972960741575,156.16025272831703,0.9273789397572814,0.65,0.0,0.0,16.11111111111111,4.13103448275862,4.30786904078116,2.15393452039058,0.043541666666666604,1.8099999999999952,0.9605724137931035,0.013793103448275862,-0.16945899919237317,0.287353515625,0.89980197,0.62778807,1.0
0.0,105.1930758988016,110.078959591268,0.9556147359076786,0.7468354430379747,0.0,0.0,15.8,4.7974683544303796,4.180213655364607,1.3934045517882026,0.0584615384615384,1.0799999999999983,0.9648607594936708,0.012658227848101266,-0.18751833867101633,0.011138916015625,0.70189804,0.23991671,0.6
0.0,120.8494417371691,123.64865727947407,0.9773615370850482,0.53,0.0,0.0,20.166666666666668,4.041322314049586,3.065669188747291,2.0437794591648606,0.06850000000000005,4.260000000000005,0.9311983471074381,0.01652892561983471,-0.20012460129779355,0.04840087890625,0.866801,0.38794914,0.8333333333333334
0.0,106.90423162583518,114.8142242066656,0.9311061618411284,0.6,0.0,0.9259259259259259,27.0,4.305555555555555,3.1892840057407112,1.0630946685802372,0.034392523364485936,1.9599999999999937,0.8470740740740742,0.07407407407407407,-0.3022305861765841,0.072998046875,0.5809303,0.07595976,0.5
0.0,150.81211324225237,154.72698628206936,0.9746981885068186,0.55,0.0,1.3245033112582782,7.947368421052632,4.364238410596027,4.0987281134323,0.0,0.05093333333333339,0.7800000000000011,0.9318543046357617,0.033112582781456956,-0.21333682714198887,0.2293701171875,0.7701023,0.13998348,0.7894736842105263
0.0,112.84953395472702,118.3659217877095,0.9533954727030626,0.62,0.8849557522123894,0.8849557522123894,18.833333333333332,4.646017699115045,1.047486033519553,1.047486033519553,0.029824561403508764,1.5399999999999991,0.9355478260869564,0.043478260869565216,-0.15281079062860153,0.1593017578125,0.81256455,0.07406713,0.8333333333333334
0.0,134.83216204828364,136.39420450921764,0.9885475891988618,0.55,0.0,0.0,33.75,3.962962962962963,0.0,0.0,0.004296296296296287,0.26000000000000023,0.9117941176470588,0.022058823529411766,-0.21930490941933486,0.049346923828125,0.14180999,0.061740153,0.0
0.0,48.9390810397474,112.31662591687042,0.4357242807130707,0.6326530612244898,0.0,0.0,12.25,4.244897959183674,6.876528117359413,4.584352078239609,0.14916666666666664,5.52,0.913795918367347,0.04081632653061224,-0.18191964498588017,0.024627685546875,0.76424885,0.17253804,0.75
0.0,95.8721704394141,97.66684753119914,0.981624500665779,0.7604166666666666,0.0,0.0,32.0,4.989583333333333,3.052088985349973,0.0,0.03178947368421049,0.9800000000000004,0.9065937499999999,0.041666666666666664,-0.23776042196485733,0.24072265625,0.72158283,0.220439,0.6666666666666666
0.0,172.48112112728734,177.73646714765843,0.9704318078067506,0.5612244897959183,0.0,0.0,16.333333333333332,4.020408163265306,1.8136374198740657,1.8136374198740657,0.0292783505154639,2.040000000000001,0.9685510204081632,0.02040816326530612,-0.14316005002502724,0.0941162109375,0.8932902,0.68024653,1.0
0.0,108.86448639454012,112.05789657989962,0.9715021405646096,0.58,0.0,0.9174311926605505,36.333333333333336,4.284403669724771,1.0280540970632992,1.0280540970632992,0.04129629629629629,3.7399999999999984,0.8311743119266056,0.06422018348623854,-0.3191171876887481,0.025848388671875,0.29542014,0.11356443,0.3333333333333333
0.0,126.84210800097794,128.58874068042766,0.9864169081195803,0.5,0.0,0.0,21.166666666666668,4.661417322834645,3.037529307411677,0.0,0.026349206349206393,0.8599999999999994,0.9041653543307087,0.03937007874015748,-0.26355131246425484,0.294921875,0.6419336,0.21011505,0.6666666666666666
0.0,153.12916111850865,154.05912297936948,0.9939636040834442,0.62,0.8695652173913043,0.0,115.0,3.8521739130434782,0.0,0.0,0.030000000000000023,0.44000000000000483,0.9521565217391303,0.02608695652173913,-0.15610099676539937,0.2509765625,0.86895955,0.86895955,1.0
0.0,118.61553431046998,120.61854698626394,0.9833938251965342,0.46,0.0,0.8333333333333334,40.0,4.275,0.0,0.0,0.006050420168067292,0.3800000000000008,0.9223750000000001,0.03333333333333333,-0.1923050133724929,0.0765380859375,0.6308612,0.10875319,0.6666666666666666
0.0,140.82470258376293,144.2438334589002,0.976296172992993,0.44,3.5460992907801416,0.7092198581560284,70.5,3.5531914893617023,2.04601182211206,1.02300591105603,0.0234285714285715,2.020000000000003,0.9162340425531914,0.05673758865248227,-0.1746173880688655,0.06951904296875,0.52323693,0.22353159,0.5
0.0,159.78695073235687,161.21809225257502,0.9911229471815356,0.63,0.0,0.0,60.0,4.175,0.0,0.0,0.02067226890756304,0.41999999999999993,0.9618249999999998,0.016666666666666666,-0.12864057641104282,0.50439453125,0.5064752,0.12113266,0.5
0.0,119.9785038513933,131.1570970562518,0.9147694371425119,0.64,0.0,0.0,20.0,4.075,0.0,0.0,0.020924369747899168,0.41000000000000014,0.9855833333333331,0.0,-0.10597348503541455,0.0282440185546875,0.9061586,0.68932265,1.0
0.0,138.8271890719365,150.47632794457274,0.9225849073288979,0.72,0.0,0.0,17.375,4.136690647482014,8.660508083140877,2.1651270207852193,0.06521739130434777,1.3399999999999999,0.9418561151079137,0.04316546762589928,-0.21507944556902642,0.66845703125,0.8231262,0.45144677,0.875
0.0,88.92857142857143,109.6723044397463,0.8108571428571428,0.5662650602409639,0.0,0.0,83.0,3.6626506024096384,0.0,0.0,0.007560975609756044,0.22000000000000064,0.94,0.03614457831325301,-0.1572252321588483,0.1927490234375,0.49243206,0.49243206,0.0
0.0,115.85578368593261,119.91174598867428,0.9661754378664058,0.57,0.0,0.0,11.6,3.9741379310344827,4.134887792712907,3.10116584453468,0.05834782608695668,1.5,0.9327844827586206,0.034482758620689655,-0.20362831400819573,0.0289154052734375,0.822491,0.24525458,0.8
0.0,74.90675669349092,78.52486675311673,0.9539240216605371,0.6,0.0,1.3333333333333333,25.0,4.333333333333333,1.0469982233748898,0.0,0.023243243243243217,0.9399999999999977,0.9834666666666667,0.0,-0.19944605894576187,0.0024127960205078125,0.95162755,0.90071577,1.0
0.0,91.066567681267,92.5072480769553,0.9844262971211746,0.6413043478260869,0.0,0.0,18.4,4.25,2.011027132107724,1.005513566053862,0.027912087912087883,1.1000000000000014,0.9752173913043478,0.021739130434782608,-0.19250480966388528,0.34130859375,0.84790784,0.6713476,1.0
0.0,114.51398135818908,118.07780320366132,0.9698180204172215,0.6627906976744186,0.0,0.0,8.6,4.5813953488372094,4.118993135011442,1.3729977116704803,0.044235294117647116,1.120000000000001,0.9410000000000001,0.03488372093023256,-0.27511997069471616,0.157470703125,0.7845048,0.1872439,0.8
0.0,145.818486363329,149.1960593335356,0.9773615135326338,0.75,2.73972602739726,0.684931506849315,18.25,4.198630136986301,2.043781634705967,1.0218908173529835,0.03103448275862073,1.1400000000000006,0.9733082191780823,0.02054794520547945,-0.11237171992377837,0.111083984375,0.79589784,0.37106952,0.875
0.0,134.83216204828364,136.54135274973845,0.9874822486592211,0.66,0.0,0.0,27.0,4.822222222222222,2.022834855551681,1.0114174277758405,0.022238805970149256,1.2400000000000002,0.9086148148148147,0.05925925925925926,-0.23188709607025185,0.049835205078125,0.53856117,0.30832282,0.4
0.0,84.89432425262304,99.57825679475164,0.852538766847518,0.5882352941176471,3.5294117647058822,0.0,42.5,4.858823529411764,2.3430178069353325,2.3430178069353325,0.09345238095238108,2.080000000000002,0.9507294117647058,0.03529411764705882,-0.24771337811023958,0.03857421875,0.32166797,0.24575937,0.0
0.0,76.90427020531733,94.36274509803921,0.8149855128251812,0.6363636363636364,0.0,1.2987012987012987,19.25,3.9740259740259742,0.0,0.0,0.016052631578947353,0.3200000000000003,0.9394285714285713,0.012987012987012988,-0.19272271503241953,0.002960205078125,0.8076183,0.3354539,0.75
0.0,79.16666666666666,106.26398210290829,0.745,0.6447368421052632,0.0,0.0,19.0,4.302631578947368,5.592841163310962,4.194630872483222,0.06026666666666666,1.5300000000000011,0.9294473684210527,0.02631578947368421,-0.21850924213832018,0.0433349609375,0.8575644,0.5048825,1.0
0.0,79.90054047305698,87.62531960993041,0.911843070344727,0.725,0.0,0.0,10.0,4.825,2.19063299024826,2.19063299024826,0.12531645569620248,6.060000000000002,0.8669499999999999,0.0375,-0.35527731810702756,0.5029296875,0.58340484,0.33910662,0.5
0.0,136.986301369863,137.6399339328317,0.9952511415525115,0.61,0.0,0.0,25.0,4.3,2.7527986786566343,1.3763993393283172,0.023030303030303033,1.4400000000000013,0.9663399999999999,0.01,-0.11242508423348813,0.052947998046875,0.74185336,0.63755393,1.0
0.0,109.86324315045334,116.921768707483,0.93963035596315,0.63,0.0,0.0,55.0,4.427272727272728,1.0629251700680273,1.0629251700680273,0.014495412844036697,1.1400000000000006,0.9494545454545454,0.03636363636363636,-0.14327343988267857,0.0439453125,0.5970012,0.23329139,0.5
0.0,143.92943459664914,152.48493975903614,0.943892785898025,0.6,0.0,0.0,18.0,3.935185185185185,2.8237951807228914,2.8237951807228914,0.03925233644859811,1.58,0.9553425925925927,0.009259259259259259,-0.1529527968503015,0.369140625,0.7303476,0.4691037,0.8333333333333334
0.0,121.84832422141189,149.91801358631997,0.8127664001581364,0.71,0.0,0.0,15.25,4.131147540983607,0.0,0.0,0.020655737704918044,0.33999999999999986,0.9041869918699187,0.04065040650406504,-0.2406411377056881,0.2108154296875,0.6346047,0.17569076,0.5
0.0,123.86399127545299,134.6921322690992,0.9196082145910881,0.6,3.1746031746031744,0.0,31.5,4.0476190476190474,0.0,0.0,0.004920634920634925,0.28000000000000114,0.9577007874015748,0.03937007874015748,-0.1011592970315659,0.1126708984375,0.773927,0.2267821,0.75
0.0,146.47137150466045,155.93989225971083,0.9392809587217043,0.47,0.0,0.0,22.0,3.6636363636363636,1.4176353841791893,1.4176353841791893,0.028899082568807327,1.8299999999999983,0.9503727272727271,0.00909090909090909,-0.13404235096834688,0.56396484375,0.56970495,0.2858788,0.6
0.0,98.87681596677471,107.86908615453063,0.9166371895014128,0.6565656565656566,2.0202020202020203,0.0,49.5,4.333333333333333,3.2687601865009284,3.2687601865009284,0.0852040816326531,2.940000000000005,0.8898989898989899,0.08080808080808081,-0.3383508595890289,0.04254150390625,0.36584967,0.14623354,0.5
0.0,119.42675159235668,122.7495908346972,0.9729299363057325,0.56,0.0,0.0,25.0,4.18,1.227495908346972,0.0,0.01515151515151516,0.6799999999999997,0.96619,0.02,-0.1273523078091641,0.169189453125,0.86054045,0.5390105,1.0
0.0,132.97631359414103,154.33206778136773,0.8616246481095554,0.56,0.0,0.0,26.6,3.9323308270676693,0.0,0.0,0.00893939393939395,0.4200000000000017,0.9493007518796992,0.03759398496240601,-0.16405908706437647,0.059814453125,0.7840792,0.11072655,0.8
0.0,122.84708097732509,125.48739546702289,0.978959524342095,0.49,0.0,0.0,15.375,3.910569105691057,1.02022272737417,0.0,0.023278688524590124,0.6599999999999966,0.794520325203252,0.16260162601626016,-0.37079289431100365,0.39501953125,0.71730644,0.52725697,1.0
0.0,72.9092431816645,79.03471189208514,0.9224964757411347,0.7671232876712328,0.0,0.0,18.25,3.6986301369863015,4.330669144771789,4.330669144771789,0.09694444444444435,1.8900000000000006,0.9798219178082191,0.0,-0.13197915304610225,0.11334228515625,0.86787975,0.5557188,1.0
0.0,66.11842105263159,91.96559297218155,0.7189473684210527,0.6716417910447762,0.0,0.0,16.75,4.373134328358209,8.235724743777451,5.490483162518301,0.1634848484848485,3.6499999999999986,0.9145970149253732,0.05970149253731343,-0.20173630209504695,0.004276275634765625,0.7365391,0.073544554,0.75
0.0,123.5216819973719,127.1301054909386,0.9716162943495401,0.574468085106383,0.0,0.0,31.333333333333332,3.9361702127659575,0.0,0.0,0.01182795698924728,0.35999999999999943,0.9320212765957446,0.02127659574468085,-0.19301375721319478,0.0099945068359375,0.44076025,0.39264244,0.3333333333333333
0.0,131.83589178054402,165.23860626868748,0.7978516326031657,0.66,0.0,0.0,33.0,4.712121212121212,1.2518076232476323,1.2518076232476323,0.05916030534351144,6.729999999999999,0.9236363636363636,0.030303030303030304,-0.21476373263387286,0.01195526123046875,0.73215425,0.5100825,1.0
0.0,102.87194585906086,104.68421637702411,0.9826882162308376,0.61,0.0,0.0,25.75,4.203883495145631,0.0,0.0,0.007450980392156874,0.28000000000000114,0.8854466019417474,0.05825242718446602,-0.2516854930741676,0.0966796875,0.6093238,0.11204858,0.75
0.0,73.90146471371504,131.1436672967864,0.5635153129161119,0.7972972972972973,0.0,1.3513513513513513,18.5,5.72972972972973,1.772211720226843,0.0,0.03232876712328757,0.9599999999999937,0.9432837837837837,0.05405405405405406,-0.13179490487086895,0.078125,0.56087923,0.3089153,0.75
0.0,116.85454044184583,121.48126677100154,0.9619140757078428,0.56,0.0,2.5641025641025643,16.714285714285715,4.196581196581197,1.0383014253931755,0.0,0.028067226890756313,0.9800000000000004,0.8677666666666667,0.1,-0.28195766728078786,0.60546875,0.66643894,0.10532637,0.6
0.0,121.84832422141189,125.07969665610452,0.9741654919137116,0.59,0.0,2.459016393442623,12.2,4.172131147540983,5.126217076069857,3.075730245641914,0.07487603305785134,2.8999999999999995,0.9695491803278689,0.00819672131147541,-0.18667582272173283,0.014434814453125,0.9694282,0.94071007,1.0
0.0,136.82967556011008,138.1914695767571,0.9901456000083229,0.68,2.9197080291970803,1.4598540145985401,22.833333333333332,4.248175182481752,4.034787432898018,1.0086968582245044,0.033676470588235266,1.9000000000000004,0.9401897810218977,0.0364963503649635,-0.1678391933620114,0.1982421875,0.9132233,0.641971,1.0
0.0,144.81972960741575,152.92485259560274,0.9469993081528721,0.62,0.0,0.0,24.166666666666668,4.303448275862069,1.054654155831743,1.054654155831743,0.01572413793103447,1.0000000000000009,0.9492123287671231,0.02054794520547945,-0.16879476639829324,0.0106658935546875,0.39015922,0.22440061,0.1666666666666666
0.0,97.20372836218375,102.71081512053279,0.9463826009764758,0.6438356164383562,0.0,0.0,18.25,3.8904109589041096,2.8139949348091173,1.4069974674045587,0.055555555555555566,2.5600000000000023,0.9684657534246575,0.0,-0.1547046552127335,0.01210784912109375,0.34472167,0.09242756,0.25
0.0,118.508655126498,130.1042783354449,0.9108743897026186,0.651685393258427,0.0,0.0,29.666666666666668,4.112359550561798,8.771074943962578,4.385537471981289,0.10136363636363638,3.08,0.9009662921348314,0.0449438202247191,-0.28105063956668563,0.06158447265625,0.6793001,0.23406935,0.6666666666666666
0.0,127.93395196506549,144.45300462249614,0.8856441048034934,0.46,0.0,0.8,41.666666666666664,4.096,3.4668721109399074,2.311248073959938,0.05048387096774197,2.1099999999999994,0.8388880000000001,0.12,-0.3681787020748208,0.1734619140625,0.18091266,0.099504,0.0
0.0,108.86448639454012,112.6756923514267,0.9661754378664058,0.63,4.587155963302752,0.0,21.8,4.394495412844036,2.0674438963564534,1.0337219481782267,0.02546296296296293,1.3099999999999952,0.9577064220183483,0.01834862385321101,-0.1821143098018045,0.324951171875,0.6352021,0.12804264,0.6
0.0,120.57877813504822,139.10355486862443,0.8668274383708466,0.57,0.0,0.8333333333333334,30.0,3.8833333333333333,4.636785162287481,4.636785162287481,0.07319327731092437,2.6799999999999997,0.9740749999999998,0.0,-0.1320191637255237,0.043975830078125,0.85830957,0.4898824,0.75
0.0,134.4873501997337,142.00018745899334,0.947092765201953,0.48,0.0,0.0,50.5,3.98019801980198,1.405942450089043,0.0,0.026199999999999984,1.0,0.911009900990099,0.04950495049504951,-0.25315979183286114,0.19091796875,0.41334862,0.35108966,0.0
0.0,106.85752330226364,108.09536637931035,0.9885486018641811,0.59,4.672897196261682,0.9345794392523364,21.4,3.7757009345794392,2.0204741379310343,2.0204741379310343,0.05150943396226418,2.240000000000002,0.9696915887850467,0.009345794392523364,-0.08407287579611875,0.040008544921875,0.47617802,0.09752207,0.4
0.0,117.30392976892696,121.88836271461585,0.9623882637883758,0.6547619047619048,1.1904761904761905,0.0,21.0,3.9047619047619047,0.0,0.0,0.01614457831325299,0.379999999999999,0.9635476190476189,0.023809523809523808,-0.15772928564571245,0.0273590087890625,0.79121,0.39584094,0.75
0.0,113.85827017410618,126.26755013954734,0.9017223352181398,0.5,0.0,0.0,16.285714285714285,3.7719298245614037,3.3228302668301932,1.1076100889433977,0.043362831858407044,2.299999999999997,0.9578333333333333,0.02631578947368421,-0.1621770354066358,0.24951171875,0.6288658,0.11527226,0.5714285714285714
0.0,77.90302696123055,89.78815606927407,0.8676314379496355,0.5769230769230769,6.410256410256411,1.2820512820512822,26.0,4.128205128205129,5.755651030081671,3.4533906180490024,0.1408974358974358,3.0699999999999994,0.9246582278481013,0.0379746835443038,-0.19412958427398863,0.35498046875,0.27947402,0.11405235,0.0
0.0,81.8980539848834,86.89710442334079,0.9424716108593989,0.6951219512195121,0.0,0.0,20.5,4.2560975609756095,3.179162356951492,2.1194415713009946,0.0698765432098765,2.1799999999999997,0.8358536585365852,0.0975609756097561,-0.3913262831834731,0.326904296875,0.82191336,0.4746188,0.75
0.0,79.57559681697613,112.5703564727955,0.706896551724138,0.875,0.0,0.0,32.0,3.9375,0.0,0.0,0.019999999999999917,0.379999999999999,0.97965625,0.0,-0.09593023047890774,0.0004832744598388672,0.93606395,0.93606395,1.0
0.0,121.84832422141189,137.9674306393245,0.8831673073621897,0.56,0.0,0.0,12.2,3.9836065573770494,4.523522316043426,1.1308805790108565,0.04942148760330581,1.1599999999999993,0.9563770491803278,0.02459016393442623,-0.23668902574469824,0.0273895263671875,0.84648097,0.42246616,0.9
0.0,105.5052189191558,114.91466252909233,0.9181179894466958,0.620253164556962,0.0,1.2658227848101267,9.875,4.3544303797468356,5.818463925523662,2.909231962761831,0.06384615384615379,1.0600000000000005,0.9694177215189875,0.0,-0.2141045606059906,0.08074951171875,0.8547146,0.13047811,0.875
0.0,59.92540535479273,81.16883116883118,0.7382809939710464,0.7833333333333333,0.0,0.0,30.0,4.466666666666667,8.116883116883118,6.764069264069264,0.20084745762711867,2.530000000000001,0.8621166666666668,0.05,-0.30894098033507666,0.054718017578125,0.42966467,0.14523655,0.5
0.0,113.18242343541944,115.5205218809459,0.9797603195739015,0.7058823529411765,0.0,0.0,17.0,5.011764705882353,2.718129926610492,0.0,0.022142857142857138,0.6799999999999997,0.9567764705882353,0.011764705882352941,-0.1431874978542328,0.10736083984375,0.97797805,0.96433306,1.0
0.0,154.46071904127828,158.68673050615595,0.9733688415446071,0.59,0.0,0.0,14.5,4.155172413793103,1.3679890560875514,0.0,0.0140677966101695,0.5600000000000023,0.9413025210084035,0.03361344537815126,-0.16062902811441632,0.06329345703125,0.70346385,0.12651607,0.75
0.0,121.23438648052903,148.30127628977172,0.8174871418074945,0.76,0.0,0.0,13.75,4.763636363636364,4.04458026244832,1.3481934208161066,0.04238532110091741,1.4399999999999977,0.9118363636363636,0.02727272727272727,-0.2238170441724134,0.057464599609375,0.9040984,0.4699743,0.875
0.0,150.44581980674067,164.51717707375067,0.9144687654061678,0.68,0.0,0.0,14.4,4.256944444444445,1.1424803963454908,1.1424803963454908,0.029020979020979047,1.75,0.9332638888888888,0.034722222222222224,-0.22005256274955046,0.431884765625,0.8550483,0.29451102,0.9
0.0,105.86821612680049,115.16171416219741,0.9193004541222124,0.52,0.0,0.0,35.333333333333336,4.169811320754717,3.259293797043323,2.1728625313622154,0.05723809523809529,2.8400000000000034,0.916,0.0660377358490566,-0.1729600717807109,0.06658935546875,0.40933132,0.22501966,0.3333333333333333
0.0,101.98183448573222,107.15282299320994,0.9517419293021764,0.51,0.0,1.9607843137254901,14.571428571428571,3.9313725490196076,4.202071489929801,2.1010357449649004,0.05326732673267329,2.5300000000000002,0.8594117647058823,0.06862745098039216,-0.2512309083883478,0.479248046875,0.42214572,0.09342913,0.3333333333333333
0.0,72.9092431816645,78.26643422012211,0.9315518703280812,0.6712328767123288,0.0,0.0,24.333333333333332,4.561643835616438,1.0721429345222206,1.0721429345222206,0.08166666666666669,2.700000000000003,0.9063972602739726,0.0821917808219178,-0.28299005568027497,0.0268707275390625,0.7152412,0.5215318,1.0
0.0,94.88189181175515,121.00883152173913,0.784090637175599,0.5473684210526316,0.0,0.0,19.0,4.136842105263158,5.095108695652174,3.8213315217391304,0.08978723404255316,3.7799999999999976,0.9689684210526317,0.010526315789473684,-0.17211476310906157,0.1195068359375,0.80433303,0.4619774,0.8
0.0,91.88562154401552,101.00513374145568,0.9097123892654455,0.6195652173913043,0.0,0.0,30.666666666666668,4.293478260869565,4.391527553976334,2.195763776988167,0.06373626373626372,2.460000000000001,0.9158152173913043,0.05434782608695652,-0.28569059831534593,0.474365234375,0.7579748,0.550574,1.0
0.0,109.07202216066482,115.89403973509934,0.9411357340720222,0.6309523809523809,0.0,0.0,84.0,4.2976190476190474,0.0,0.0,0.014939759036144614,0.28000000000000025,0.9476071428571428,0.03571428571428571,-0.22690971533457438,0.08905029296875,0.55756116,0.55756116,1.0
0.0,80.89929722897018,86.20278717910914,0.9384765838357461,0.5185185185185185,0.0,0.0,20.25,3.8271604938271606,3.1926958214484866,1.0642319404828289,0.06225000000000008,1.2800000000000011,0.8994074074074074,0.04938271604938271,-0.26076659285463394,0.181640625,0.67523223,0.3070989,0.75
0.0,139.8259458278497,170.56530214424953,0.8197795452535644,0.61,0.0,0.0,28.0,3.9785714285714286,3.654970760233918,2.4366471734892787,0.0313669064748201,1.4599999999999937,0.9806071428571427,0.007142857142857143,-0.1261918282716569,0.1446533203125,0.92654574,0.89492214,1.0
0.0,168.55750394429575,194.58858413639732,0.8662250393175427,0.7571428571428571,0.0,0.0,23.333333333333332,4.5,2.7798369162342476,2.7798369162342476,0.044057971014492776,1.4600000000000009,0.762057142857143,0.15714285714285714,-0.44056373805392024,0.044464111328125,0.49423206,0.19057752,0.3333333333333333
0.0,146.78478254637196,155.42131579061487,0.9444314751788735,0.66,0.0,0.0,16.0,4.133928571428571,1.3876903195590613,1.3876903195590613,0.028108108108108047,1.4799999999999969,0.9729910714285713,0.008928571428571428,-0.12951750835334813,0.02783203125,0.79566145,0.31900367,0.7142857142857143
0.0,145.81833465807182,149.44023883143194,0.9757635279381104,0.69,0.0,0.684931506849315,20.857142857142858,3.9794520547945207,4.094253118669368,3.070689839002026,0.050896551724138005,2.0599999999999987,0.9680068493150685,0.0136986301369863,-0.17331722172079622,0.3447265625,0.847199,0.28284675,0.8571428571428571
0.0,102.87194585906086,109.12040434583487,0.942737945994309,0.65,0.0,0.0,25.75,4.300970873786408,3.1782642042476175,3.1782642042476175,0.06627450980392142,2.059999999999995,0.9475922330097086,0.019417475728155338,-0.17259826927828248,0.0217437744140625,0.8904073,0.80660415,1.0
0.0,90.88686478810232,119.58293807722792,0.7600320434459188,0.5494505494505495,2.197802197802198,0.0,18.2,4.34065934065934,5.256392882515513,3.942294661886635,0.13733333333333328,5.159999999999997,0.9325714285714286,0.03296703296703297,-0.20719429786736918,0.048583984375,0.9011694,0.608495,1.0
0.0,120.87912087912086,122.54405509418676,0.9864135864135863,0.6,0.0,1.6528925619834711,20.166666666666668,4.1652892561983474,0.0,0.0,0.017666666666666594,0.5,0.9670165289256198,0.01652892561983471,-0.10369223526642572,0.05316162109375,0.84701437,0.27123725,0.8333333333333334
0.0,109.86324315045334,116.921768707483,0.93963035596315,0.58,0.0,0.0,7.857142857142857,4.318181818181818,2.1258503401360547,2.1258503401360547,0.05119266055045865,1.6600000000000001,0.9465454545454546,0.01818181818181818,-0.21348888479184427,0.318359375,0.9050488,0.3212558,0.9285714285714286
0.0,121.17177097203728,122.78492399028514,0.9868619618286729,0.4835164835164835,0.0,1.098901098901099,15.166666666666666,4.395604395604396,4.047854637042367,1.3492848790141223,0.038666666666666655,1.0600000000000005,0.939824175824176,0.01098901098901099,-0.18620608423368162,0.46240234375,0.72415274,0.1938518,0.6666666666666666
0.0,61.91744340878828,95.05314799672935,0.6513981358189082,0.7580645161290323,0.0,0.0,12.4,4.548387096774194,6.132461161079314,3.066230580539657,0.17065573770491804,4.060000000000002,0.9201774193548387,0.016129032258064516,-0.26210186292047266,0.1834716796875,0.6202699,0.15068388,0.6
0.0,121.84832422141189,124.8748532624515,0.9757635027231727,0.69,0.0,0.819672131147541,13.555555555555555,4.188524590163935,3.0706931130111026,0.0,0.03735537190082651,0.9800000000000004,0.9692622950819672,0.00819672131147541,-0.18594679087692617,0.72314453125,0.7477436,0.24790052,0.7777777777777778
0.0,94.54061251664447,109.38783894823335,0.8642698624056814,0.9154929577464789,0.0,0.0,14.2,5.732394366197183,6.162695152013147,6.162695152013147,0.10714285714285714,1.3600000000000012,0.9754225352112675,0.0,-0.17578041800638525,0.067138671875,0.8295188,0.41369012,0.8
0.0,106.62031500868554,110.36761299900103,0.9660471229875254,0.61,0.0,0.0,20.6,4.320388349514563,2.143060446582544,2.143060446582544,0.04764705882352937,1.7399999999999984,0.9356407766990289,0.02912621359223301,-0.18829803408715104,0.2265625,0.73139274,0.41294047,0.6
0.0,129.83837826871758,138.1932779157619,0.9395419243753869,0.58,1.5384615384615385,3.076923076923077,21.666666666666668,3.476923076923077,1.0630252147366301,1.0630252147366301,0.024418604651162787,2.1699999999999946,0.8966846153846155,0.06153846153846154,-0.21817742999216447,0.234130859375,0.63509023,0.2062874,0.6
0.0,124.63872832369943,146.06265876375952,0.8533236994219654,0.8695652173913043,0.0,0.0,15.333333333333334,4.6521739130434785,3.1752751905165115,0.0,0.02666666666666663,0.6199999999999992,0.9982608695652174,0.0,-0.14574795472817342,0.0083160400390625,0.9578226,0.9302989,1.0
0.0,83.14773570898292,89.809155544468,0.9258269405262723,0.6428571428571429,0.0,1.1904761904761905,12.0,4.678571428571429,4.2766264544984764,2.1383132272492382,0.07144578313253007,2.0,0.9583095238095238,0.011904761904761904,-0.1717199368128183,0.2176513671875,0.8783957,0.66643864,1.0
0.0,111.8508655126498,131.46911519198665,0.8507767421216156,0.5476190476190477,0.0,0.0,28.0,3.488095238095238,1.5651085141903172,0.0,0.021204819277108444,0.6200000000000001,0.9646190476190475,0.0,-0.1740989507028072,0.20556640625,0.68249726,0.48871005,0.6666666666666666
0.0,138.60970452253073,144.87619271872975,0.956745907808572,0.6,0.0,0.0,28.2,4.0212765957446805,2.054981457003259,0.0,0.012499999999999987,0.759999999999998,0.9204042553191488,0.028368794326241134,-0.18235059190562486,0.315673828125,0.62499154,0.123911604,0.6
0.0,111.8508655126498,113.83142108591561,0.98260097647581,0.7857142857142857,0.0,0.0,16.8,5.107142857142857,1.355135965308519,0.0,0.03734939759036141,0.7600000000000007,0.9770595238095238,0.011904761904761904,-0.13255870934422456,0.059661865234375,0.7829056,0.4087031,0.8
0.0,110.51930758988016,136.31884375342167,0.8107412339103417,0.5301204819277109,0.0,0.0,13.833333333333334,4.337349397590361,3.284791415745101,3.284791415745101,0.1514634146341462,6.929999999999996,0.9303975903614456,0.012048192771084338,-0.24387100316358334,0.272705078125,0.8938481,0.5213191,1.0
0.0,53.93286481931346,117.89240044300617,0.4574753301879431,0.6481481481481481,0.0,0.0,27.0,3.574074074074074,4.366385201592821,4.366385201592821,0.23320754716981146,6.820000000000004,0.969574074074074,0.0,-0.16867897501497559,0.006114959716796875,0.9093895,0.83741593,1.0
0.0,117.84287616511317,119.98373101952276,0.9821571238348868,0.55,0.0,1.694915254237288,29.5,4.0,2.0336225596529283,2.0336225596529283,0.04239316239316238,2.379999999999999,0.8597796610169491,0.07627118644067797,-0.2567012596900771,0.0265045166015625,0.7970652,0.2555495,0.75
0.0,128.83962151280437,134.98739398246605,0.9544566919303574,0.59,0.0,2.3255813953488373,10.75,4.24031007751938,5.2320695342041095,2.092827813681644,0.05496183206106871,1.519999999999996,0.8701893939393939,0.07575757575757576,-0.33367387873986576,0.0927734375,0.39553684,0.09981589,0.375
0.0,96.87940532358158,104.05736564564847,0.9310192000582608,0.4742268041237113,0.0,1.0309278350515463,32.333333333333336,3.8350515463917527,3.218269040587066,2.1455126937247107,0.044583333333333273,1.6400000000000006,0.8107319587628865,0.1134020618556701,-0.3290891603877147,0.051300048828125,0.15015471,0.11691885,0.0
0.0,128.70250951186787,131.32291077910412,0.9800461225562995,0.59,3.10077519379845,0.7751937984496124,129.0,3.604651162790698,0.0,0.0,0.01265625,0.29999999999999716,0.9429457364341084,0.03875968992248062,-0.14229729955865122,0.37841796875,0.6740156,0.6740156,1.0
0.0,98.5352862849534,100.20763744696217,0.9833111407012871,0.5675675675675675,0.0,0.0,14.8,4.297297297297297,2.708314525593572,1.354157262796786,0.040273972602739745,1.0399999999999991,0.9512567567567568,0.04054054054054054,-0.21607834297385323,0.1768798828125,0.6387536,0.23282337,0.6
0.0,135.81890812250333,137.52808988764045,0.98757212605415,0.48,0.0,0.0,12.75,4.019607843137255,5.393258426966292,1.348314606741573,0.04653465346534656,1.1600000000000001,0.9586764705882352,0.00980392156862745,-0.15373514733280444,0.0682373046875,0.8661549,0.28408885,0.875
0.0,94.88189181175515,97.87980746011559,0.9693714594853281,0.6421052631578947,0.0,0.0,23.75,4.368421052631579,2.060627525476118,2.060627525476118,0.04617021276595748,1.38,0.9559473684210524,0.010526315789473684,-0.27396327709000484,0.0787353515625,0.7576732,0.20870535,0.75
0.0,114.91935483870967,126.96762696762697,0.9051075268817204,0.47,0.0,0.8771929824561403,7.6,3.912280701754386,5.568755568755568,2.2275022275022276,0.07495575221238925,2.3399999999999963,0.8458157894736841,0.07894736842105263,-0.33466640856885727,0.05731201171875,0.5353236,0.12593368,0.4285714285714285
0.0,127.9772040605267,130.37568951742534,0.9816032769162992,0.6,0.0,1.5625,64.0,3.9296875,0.0,0.0,0.008976377952755866,0.3800000000000008,0.9424609374999999,0.046875,-0.15252873949932538,0.244140625,0.4863674,0.2753971,0.5
0.0,106.8669728827137,124.76679104477611,0.8565337938711708,0.61,0.0,0.0,17.833333333333332,4.289719626168225,4.664179104477612,2.332089552238806,0.06688679245283018,2.3699999999999974,0.9227289719626167,0.028037383177570093,-0.21326730407641403,0.09527587890625,0.7161541,0.15092514,0.8
0.0,114.84687083888149,145.8897158322057,0.7872170439414115,0.54,1.7391304347826086,0.0,19.166666666666668,4.113043478260869,5.074424898511502,2.537212449255751,0.07947368421052636,4.220000000000006,0.8762260869565218,0.0782608695652174,-0.31034110497437223,0.142578125,0.83378345,0.1326976,0.8333333333333334
0.0,107.7762619372442,109.65115203109096,0.9829013187812643,0.7341772151898734,0.0,0.0,15.8,3.9746835443037973,2.775978532432682,1.387989266216341,0.05589743589743584,2.26,0.9685696202531645,0.012658227848101266,-0.11813305909671482,0.0853271484375,0.67026174,0.12142366,0.8
0.0,120.66415144514434,124.47065681416841,0.9694184519753353,0.65,0.0,0.0,24.2,4.628099173553719,4.114732456666724,1.028683114166681,0.03100000000000005,1.0600000000000023,0.9732727272727273,0.01652892561983471,-0.167939982175153,0.12646484375,0.92706996,0.8158477,1.0
0.0,70.91172966983807,80.93521976358271,0.8761541622667616,0.6338028169014085,0.0,0.0,17.75,4.591549295774648,3.4197980181795513,3.4197980181795513,0.09642857142857131,2.469999999999999,0.8234084507042253,0.09859154929577464,-0.3719429445007573,0.2081298828125,0.7482792,0.19404006,0.75
0.0,143.80825565912116,146.14343707713124,0.9840213049267643,0.63,0.0,0.0,36.0,3.759259259259259,2.706359945872801,0.0,0.018317757009345802,0.8599999999999994,0.8846296296296295,0.05555555555555555,-0.24212567128700987,0.1728515625,0.41281864,0.13749503,0.3333333333333333
0.0,112.85951341819298,117.26312535198934,0.9624467459776632,0.72,0.0,1.7699115044247788,18.833333333333332,4.522123893805309,4.150907092105817,1.0377267730264543,0.04660714285714291,1.0399999999999991,0.9552831858407078,0.035398230088495575,-0.1799182974367125,0.277587890625,0.7859121,0.37738535,0.8
0.0,94.88189181175515,96.39664683418403,0.9842862270402988,0.5473684210526316,0.0,2.1052631578947367,31.666666666666668,3.8,1.0147015456229898,0.0,0.009999999999999957,0.519999999999996,0.9422,0.042105263157894736,-0.3741697043010398,0.165283203125,0.53736734,0.14726323,0.5
0.0,101.87318910314764,110.7518161737012,0.9198331243920328,0.7,0.0,0.0,25.5,5.470588235294118,4.343208477400047,3.257406358050035,0.09099009900990089,3.479999999999997,0.9184803921568625,0.049019607843137254,-0.23251542735558292,0.2403564453125,0.8926548,0.7349192,1.0
0.0,113.05046822759599,128.42465753424656,0.8802863125988808,0.49,0.0,0.0,57.5,3.965217391304348,1.1167361524717092,1.1167361524717092,0.028245614035087695,2.1999999999999993,0.8978086956521738,0.06956521739130435,-0.16939540097750871,0.36328125,0.32597488,0.19669488,0.0
0.0,110.86199990636655,111.78493987468254,0.9917436108177841,0.67,0.0,0.0,22.2,4.324324324324325,0.0,0.0,0.0227027027027027,0.4200000000000017,0.9342321428571427,0.03571428571428571,-0.21926772218358004,0.333984375,0.7986519,0.6508612,1.0
0.0,96.33865988090788,100.69409139315968,0.956745907808572,0.6122448979591837,0.0,0.0,10.88888888888889,3.989795918367347,4.109962914006518,2.054981457003259,0.04808080808080815,1.25,0.7295599999999999,0.23,-0.5022387887956327,0.024871826171875,0.6948167,0.07662109,0.7777777777777778
0.0,130.49267643142477,140.52193862919415,0.9286284953395473,0.7142857142857143,0.0,0.0,16.333333333333332,4.683673469387755,4.301691998852882,2.8677946659019216,0.0647422680412371,2.1799999999999997,0.959530612244898,0.0,-0.23074728726400023,0.1964111328125,0.93079495,0.81077194,1.0
0.0,114.8570269300194,122.17863091318566,0.9400745946452073,0.61,0.0,1.7391304347826086,16.428571428571427,3.5304347826086957,0.0,0.0,0.025964912280701684,0.4400000000000013,0.9342434782608696,0.017391304347826087,-0.2193055126483313,0.06494140625,0.95147514,0.8722511,1.0
0.0,143.97435456809254,161.67664670658684,0.890508044921165,0.55,0.0,0.0,24.0,3.9097222222222223,3.3682634730538923,1.122754491017964,0.02979020979020982,1.1800000000000068,0.9815694444444445,0.013888888888888888,-0.09644689810029047,0.0296630859375,0.74897915,0.33836925,0.6666666666666666
0.0,124.84459448915152,135.17730192864218,0.9235618162807754,0.49,0.0,0.8,31.25,4.088,1.0814184154291373,1.0814184154291373,0.014838709677419383,1.4400000000000048,0.858872,0.072,-0.2816568931771649,0.00890350341796875,0.10331048,0.051423028,0.0
0.0,106.8669728827137,114.06704770450061,0.936878573026285,0.59,0.0,0.9345794392523364,15.285714285714286,3.9065420560747666,5.330235874042084,1.0660471748084168,0.05122641509433962,2.4299999999999997,0.9119065420560746,0.04672897196261682,-0.2093385642353474,0.1845703125,0.5524159,0.108214185,0.5714285714285714
0.0,102.86284953395472,114.07265209686946,0.9017310252996006,0.62,0.0,0.0,25.75,4.145631067961165,5.537507383343177,4.430005906674542,0.07715686274509792,1.8000000000000007,0.8768834951456309,0.06796116504854369,-0.30549194383771117,0.458251953125,0.25484353,0.066555195,0.25
0.0,132.83464853645722,134.3735496275996,0.9885475891988618,0.54,0.0,0.7518796992481203,66.5,4.180451127819549,1.0103274408090197,0.0,0.017575757575757626,0.8000000000000007,0.9077443609022557,0.03759398496240601,-0.1764193391946911,0.396484375,0.2096574,0.19199611,0.0
0.0,55.930378331139885,76.97947214076245,0.7265622480349981,0.625,0.0,1.7857142857142858,28.0,4.660714285714286,4.123900293255132,4.123900293255132,0.15654545454545446,4.710000000000001,0.899625,0.0,-0.2622958146355519,0.16650390625,0.090868175,0.08821146,0.0
0.0,111.86075666227977,123.10693884841427,0.9086470487258047,0.5,0.0,0.0,18.666666666666668,3.8214285714285716,5.495845484304209,3.297507290582525,0.06513513513513508,2.370000000000001,0.9320535714285713,0.026785714285714284,-0.23302767127799506,0.415283203125,0.5971192,0.1262378,0.6666666666666666
0.0,127.84086475689116,137.54890273183673,0.9294211892487997,0.69,0.0,0.0,16.0,3.9609375,6.447604815554846,6.447604815554846,0.09314960629921272,2.75,0.9798515624999999,0.0,-0.1602263168170036,0.052947998046875,0.78152156,0.1708163,0.875
0.0,98.876918835408,101.44362908605737,0.9746981621835319,0.5757575757575758,0.0,2.0202020202020203,19.8,3.9696969696969697,1.0246831220813875,0.0,0.02000000000000005,0.6400000000000006,0.9537070707070707,0.030303030303030304,-0.13639959718589484,0.09356689453125,0.8599685,0.4545783,0.8
0.0,131.8242343541944,134.15846056554338,0.98260097647581,0.5959595959595959,0.0,0.0,24.75,4.434343434343434,4.065407895925557,1.355135965308519,0.02632653061224491,1.0199999999999996,0.9210808080808081,0.030303030303030304,-0.22046903312832913,0.5361328125,0.5373118,0.22449408,0.5
0.0,124.0,125.47220723151646,0.9882666666666667,0.5161290322580645,0.0,1.075268817204301,23.25,4.720430107526882,4.0474905558553695,1.3491635186184565,0.04304347826086956,1.6600000000000001,0.9209999999999997,0.06451612903225806,-0.17641058907740645,0.195556640625,0.69121236,0.12134157,0.75
0.0,97.31323722149409,99.15865384615384,0.981389252948886,0.5959595959595959,0.0,0.0,24.75,4.343434343434343,3.004807692307692,3.004807692307692,0.048979591836734664,1.2199999999999989,0.8914040404040403,0.06060606060606061,-0.2551152110801035,0.319580078125,0.22127427,0.14829272,0.0
0.0,117.85329719775903,119.28291257535474,0.9880149189290414,0.74,0.0,0.847457627118644,11.8,4.516949152542373,6.065232842814647,4.043488561876432,0.0616239316239316,1.4200000000000017,0.9440932203389831,0.025423728813559324,-0.28466425824309005,0.177001953125,0.7608997,0.17946893,0.8
0.0,53.92809587217044,106.1320754716981,0.5081225033288947,0.7592592592592593,0.0,0.0,18.0,3.6296296296296298,9.827044025157232,7.861635220125786,0.17358490566037726,2.620000000000001,0.8829814814814815,0.07407407407407407,-0.3283028565683357,0.206787109375,0.7268346,0.2379635,0.6666666666666666
0.0,131.83589178054402,133.57915608585245,0.9869495783894006,0.69,0.0,0.0,18.857142857142858,4.46969696969697,3.035889911042101,2.0239266073614006,0.03801526717557249,1.6999999999999993,0.9705454545454545,0.007575757575757576,-0.11124257614979254,0.1207275390625,0.79972833,0.32412785,0.8571428571428571
0.0,96.87940532358158,97.52878890232982,0.9933416216272452,0.5463917525773195,0.0,1.0309278350515463,19.4,3.7628865979381443,3.016354295948345,2.0109028639655633,0.06708333333333333,1.8999999999999986,0.9398865979381443,0.020618556701030927,-0.2856879400841967,0.0173187255859375,0.8516399,0.67612547,1.0
0.0,94.63973579740423,100.52693404933714,0.9414366079339139,0.5256410256410257,0.0,0.0,19.5,4.423076923076923,2.577613693572747,2.577613693572747,0.05389610389610385,2.3999999999999986,0.8756282051282054,0.07692307692307693,-0.2597263646675633,0.0233001708984375,0.40245694,0.15076777,0.25
0.0,121.97827262018951,141.9044665012407,0.8595802206065378,0.55,2.459016393442623,0.0,24.4,3.877049180327869,8.142059553349876,6.978908188585608,0.08082644628099181,2.1699999999999946,0.961295081967213,0.02459016393442623,-0.15982342484246465,0.0279083251953125,0.6085821,0.1485299,0.4
0.0,184.95254381397748,189.6684883506385,0.9751358563688096,0.69,0.0,0.0,15.125,4.099173553719008,6.270032672748381,0.0,0.035500000000000066,0.8800000000000026,0.8694958677685951,0.06611570247933884,-0.25293144136734014,0.11102294921875,0.9066697,0.42718378,0.875
0.0,130.49267643142477,134.06292749658002,0.9733688415446071,0.4897959183673469,0.0,2.0408163265306123,32.666666666666664,3.795918367346939,2.735978112175103,2.735978112175103,0.020808080808080814,1.040000000000001,0.96167,0.02,-0.1524025099714855,0.218505859375,0.7335647,0.24827583,0.6666666666666666
0.0,93.39702491560217,123.35526315789474,0.7571385486491483,0.8142857142857143,0.0,0.0,17.5,5.6571428571428575,1.762218045112782,0.0,0.01826086956521739,0.620000000000001,0.9635571428571428,0.0,-0.12091487284862634,0.1690673828125,0.94597805,0.86398846,1.0
0.0,138.62969874700082,138.62969874700082,1.0,0.66,0.0,0.0,14.857142857142858,4.509615384615385,2.6659557451346307,0.0,0.039611650485436974,0.620000000000001,0.9909230769230769,0.0,-0.09918115636646135,0.126220703125,0.8148412,0.3364846,0.8571428571428571
0.0,61.03763987792472,69.96268656716418,0.8724313326551374,0.7,0.0,6.666666666666667,20.0,4.5,4.664179104477612,3.498134328358209,0.11704918032786889,2.780000000000001,0.8858387096774194,0.03225806451612903,-0.23211271811586884,0.0203399658203125,0.38822034,0.052078523,0.3333333333333333
0.0,118.56127886323267,125.65888554216866,0.9435168738898757,0.5955056179775281,0.0,0.0,44.5,3.7865168539325844,0.0,0.0,0.017727272727272793,0.34000000000000075,0.9455056179775282,0.02247191011235955,-0.18728642910061902,0.2255859375,0.44216853,0.28556758,0.5
0.0,134.4873501997337,136.3759114231704,0.9861517976031957,0.65,0.0,0.0,25.25,4.881188118811881,1.3502565487442613,1.3502565487442613,0.015999999999999986,1.2199999999999989,0.834,0.1485148514851485,-0.30716338573552804,0.054168701171875,0.52409226,0.0915469,0.5
0.0,140.49955396966993,143.10376158459022,0.9818019625334522,0.65,0.0,0.0,21.0,4.419047619047619,2.7257859349445757,0.0,0.025096153846153893,0.9000000000000004,0.9478380952380951,0.0380952380952381,-0.15119852909888457,0.0308074951171875,0.5577559,0.18040247,0.6
0.0,89.21438082556591,91.85632026323005,0.9712383488681757,0.6417910447761194,0.0,0.0,22.333333333333332,4.223880597014926,1.3709898546750754,0.0,0.016969696969697,0.5400000000000009,0.9116865671641791,0.04477611940298507,-0.1793722408004217,0.164794921875,0.39302787,0.10232355,0.3333333333333333
0.0,99.86684420772303,109.72398322442213,0.9101642254771416,0.5866666666666667,0.0,0.0,12.5,3.7733333333333334,4.388959328976885,0.0,0.04405405405405405,0.7599999999999998,0.9879199999999999,0.0,-0.06933955312534062,0.09765625,0.96741754,0.9559655,1.0
0.0,116.35504448992273,142.71653543307085,0.8152877600121482,0.6091954022988506,0.0,0.0,29.0,3.9310344827586206,0.0,0.0,0.02581395348837208,0.40000000000000036,0.96432183908046,0.022988505747126436,-0.11888922368868804,0.05413818359375,0.38129413,0.16723707,0.3333333333333333
0.0,122.83621837549933,124.72958355868037,0.9848202396804261,0.58,0.0,0.8130081300813008,24.6,3.902439024390244,0.0,0.0,0.006229508196721299,0.35999999999999943,0.9295040650406503,0.024390243902439025,-0.15733538945425135,0.5966796875,0.6362082,0.13031985,0.6
0.0,105.1930758988016,105.90758780945572,0.9932534398579671,0.6329113924050633,0.0,0.0,26.333333333333332,4.151898734177215,2.681204754669765,1.3406023773348825,0.03487179487179485,1.46,0.9458227848101264,0.0379746835443038,-0.1809792545224939,0.09747314453125,0.9128129,0.88350224,1.0
0.0,126.49800266311584,127.63098969995522,0.9911229471815356,0.4842105263157895,0.0,1.0526315789473684,23.75,4.578947368421052,1.3434841021047919,1.3434841021047919,0.03723404255319146,1.1400000000000006,0.877957894736842,0.08421052631578947,-0.2558110707398285,0.03814697265625,0.30464196,0.09903955,0.25
0.0,119.61206896551725,121.81738366988586,0.981896551724138,0.7027027027027027,2.7027027027027026,0.0,18.5,3.6486486486486487,0.0,0.0,0.01166666666666667,0.26,0.8829459459459459,0.08108108108108109,-0.2506793419951978,0.01849365234375,0.76086783,0.62221104,1.0
0.0,115.84553928095872,117.44060475161987,0.9864181091877497,0.55,0.8620689655172413,0.0,12.88888888888889,3.6206896551724137,3.037257019438445,1.0124190064794816,0.04297520661157025,1.1999999999999993,0.9615409836065573,0.01639344262295082,-0.10646213505672507,0.03741455078125,0.49842134,0.14503618,0.4444444444444444
0.0,148.99328859060404,161.33720930232556,0.923489932885906,0.64,0.0,0.0,12.333333333333334,4.36036036036036,2.9069767441860463,0.0,0.03509090909090908,0.759999999999998,0.8662522522522523,0.04504504504504504,-0.24237801037415568,0.426025390625,0.7998693,0.40549278,0.8888888888888888
0.0,146.1038299260105,152.9682411639927,0.9551252522370111,0.58,0.0,0.8928571428571429,28.0,3.892857142857143,2.7315757350712984,1.3657878675356492,0.027387387387387413,1.1400000000000006,0.9406785714285714,0.044642857142857144,-0.2608202932223204,0.9208984375,0.73132735,0.29257992,0.75
0.0,303.59520639147803,307.6369524152199,0.9868619618286729,0.44,1.3157894736842106,0.0,228.0,3.5833333333333335,0.0,0.0,0.005814977973568295,0.2600000000000007,0.9542017543859649,0.021929824561403508,-0.14705945755713262,0.032623291015625,0.824256,0.824256,1.0
0.0,105.33333333333333,112.57837735132054,0.9356444444444444,0.5949367088607594,0.0,0.0,19.75,3.8987341772151898,4.275128253847615,1.4250427512825385,0.03948717948717952,1.7000000000000028,0.9407215189873415,0.02531645569620253,-0.1238779931029629,0.048004150390625,0.6385639,0.22709139,0.5
0.0,131.8242343541944,133.5792030223981,0.9868619618286729,0.5959595959595959,0.0,0.0,11.0,3.8484848484848486,4.047854637042367,0.0,0.03571428571428562,0.6400000000000006,0.9118686868686866,0.04040404040404041,-0.2712643160996303,0.0098114013671875,0.37324238,0.05834576,0.375
0.0,97.20372836218375,100.52327182594325,0.9669773635153129,0.6438356164383562,0.0,0.0,36.5,3.9315068493150687,0.0,0.0,0.023287671232876728,0.4599999999999991,0.897945945945946,0.05405405405405406,-0.21274342509808347,0.037567138671875,0.46896154,0.14046799,0.5
0.0,106.8669728827137,128.8673050649919,0.8292791785225683,0.63,0.0,0.0,26.75,4.607476635514018,6.021836685279996,6.021836685279996,0.09424528301886792,2.3999999999999995,0.9206448598130841,0.06542056074766354,-0.19759745491234595,0.036163330078125,0.7181428,0.15920821,0.75
0.0,103.20781032078102,107.81932977173385,0.9572291957229195,0.6621621621621622,0.0,0.0,18.5,4.594594594594595,1.4570179698882952,0.0,0.013698630136986313,0.7800000000000002,0.9569189189189189,0.013513513513513514,-0.18738263654113194,0.04522705078125,0.96984446,0.96282035,1.0
0.0,105.1930758988016,117.31511731511729,0.8966711051930759,0.5189873417721519,0.0,3.7974683544303796,15.8,4.227848101265823,2.9700029700029695,2.9700029700029695,0.06051282051282049,1.92,0.9145443037974683,0.02531645569620253,-0.18174563131564472,0.5615234375,0.48428053,0.10646273,0.4
0.0,103.86151797603196,106.16096542963433,0.9783399911229472,0.6923076923076923,0.0,1.2820512820512822,13.0,4.205128205128205,0.0,0.0,0.014545454545454552,0.2400000000000002,0.9396666666666667,0.01282051282051282,-0.13486689765144277,0.396484375,0.71687955,0.16160868,0.6666666666666666
0.0,150.81227014289504,169.84103179364126,0.8879613397905731,0.7,0.0,0.0,16.77777777777778,3.8940397350993377,4.499100179964008,1.124775044991002,0.036399999999999946,1.2999999999999972,0.9743907284768211,0.013245033112582781,-0.0758720606816693,0.049560546875,0.9123511,0.54204553,1.0
0.0,133.86613386613385,134.3313506649736,0.9965367965367965,0.59,0.0,0.746268656716418,22.333333333333332,4.2164179104477615,1.0024727661565194,0.0,0.023609022556390934,0.7399999999999949,0.9357388059701491,0.03731343283582089,-0.1713361410923036,0.7822265625,0.51268995,0.13568062,0.3333333333333333
0.0,101.19840213049268,117.86600496277914,0.8585885486018642,0.7368421052631579,0.0,0.0,15.2,4.315789473684211,1.5508684863523572,0.0,0.02210526315789471,0.5199999999999996,0.9308051948051946,0.012987012987012988,-0.21489028673162638,0.0855712890625,0.84215224,0.58831,1.0
0.0,130.49267643142477,131.28516566937574,0.9939636040834442,0.826530612244898,0.0,1.0204081632653061,19.6,5.173469387755102,0.0,0.0,0.02103092783505151,0.3200000000000003,0.9397142857142858,0.02040816326530612,-0.1924332717835541,0.5927734375,0.73340434,0.12379792,0.8
0.0,112.63199061400077,118.57707509881423,0.9498631208447399,0.6145833333333334,0.0,1.0416666666666667,48.0,4.427083333333333,2.4703557312252964,1.2351778656126482,0.024421052631579017,1.08,0.9178541666666667,0.052083333333333336,-0.1700982341598366,0.1298828125,0.6758349,0.42515892,0.5
0.0,133.15579227696404,134.3484102104792,0.9911229471815356,0.53,0.0,0.0,25.0,4.25,0.0,0.0,0.01050505050505052,0.33999999999999986,0.94218,0.02,-0.279549146204451,0.5869140625,0.4329219,0.16740823,0.25
0.0,141.9649041269113,146.43371337406123,0.9694823743509497,0.6224489795918368,0.0,0.0,49.0,4.489795918367347,0.0,0.0,0.015463917525773233,0.33999999999999986,0.945530612244898,0.01020408163265306,-0.14189762385902002,0.46337890625,0.51587766,0.4913105,0.5
0.0,90.88686478810232,94.5377810242675,0.9613814054380224,0.5824175824175825,0.0,1.098901098901099,30.333333333333332,3.8131868131868134,1.03887671455239,0.0,0.008333333333333333,0.75,0.9019450549450551,0.02197802197802198,-0.2318208767430919,0.0693359375,0.4347324,0.34823018,0.3333333333333333
0.0,126.08695652173914,127.71579565472695,0.9872463768115942,0.5287356321839081,0.0,0.0,17.4,4.413793103448276,0.0,0.0,0.010344827586206891,0.22000000000000064,0.9280909090909091,0.03409090909090909,-0.13046578627757052,0.12646484375,0.773976,0.4897687,0.8
0.0,129.16111850865514,139.40787582638688,0.9264980026631158,0.6494845360824743,0.0,1.0309278350515463,19.4,3.8556701030927836,2.874389192296637,1.4371945961483186,0.04885416666666665,3.289999999999999,0.9646701030927834,0.010309278350515464,-0.14510235424149204,0.1348876953125,0.45982438,0.112724535,0.4
0.0,155.79227696404794,157.8663308446523,0.9868619618286729,0.49,0.0,0.0,117.0,3.5555555555555554,1.3492848790141223,0.0,0.01844827586206894,0.5599999999999987,0.9151623931623931,0.05128205128205128,-0.25409370607266857,0.061126708984375,0.42079028,0.42079028,0.0
0.0,137.88487282463186,147.4236641221374,0.9352967425256582,0.61,2.912621359223301,0.0,14.714285714285714,4.116504854368932,0.0,0.0,0.02196078431372547,0.3800000000000008,0.9624368932038834,0.019417475728155338,-0.16310665380412467,0.348388671875,0.7389182,0.348501,0.7142857142857143
0.0,125.16644474034621,127.84477287152055,0.9790501553484242,0.5106382978723404,0.0,0.0,31.333333333333332,4.3936170212765955,1.360050775228942,0.0,0.01967741935483872,0.7100000000000009,0.942531914893617,0.010638297872340425,-0.20868534127377575,0.1796875,0.34029356,0.24103847,0.0
0.0,124.81857764876632,133.26446280991735,0.9366231253023705,0.4883720930232558,0.0,0.0,14.333333333333334,3.802325581395349,1.5495867768595042,0.0,0.02776470588235293,0.7599999999999998,0.9449418604651161,0.023255813953488372,-0.18401852365436175,0.3798828125,0.7619919,0.23188247,0.6666666666666666
0.0,152.45512143611404,159.61857379767827,0.9551214361140443,0.7,0.0,0.0,22.0,4.220779220779221,3.109452736318408,2.0729684908789388,0.04248366013071891,1.6399999999999935,0.978,0.012987012987012988,-0.12666836477806911,0.13916015625,0.82598346,0.6681496,1.0
0.0,133.15579227696404,135.31799729364005,0.9840213049267643,0.52,0.0,0.0,25.0,3.74,1.3531799729364005,0.0,0.016767676767676785,0.8200000000000003,0.9683700000000001,0.01,-0.11037222869083207,0.0867919921875,0.7206858,0.18087915,0.75
0.0,103.87070261497406,105.93024773290809,0.9805575351515561,0.66,0.0,0.0,17.333333333333332,4.663461538461538,6.1113604461293125,1.0185600743548855,0.059417475728155394,1.3200000000000003,0.9722788461538461,0.0,-0.16278066700915278,0.1290283203125,0.869102,0.47323775,0.8333333333333334
0.0,113.53517364203027,114.22684106790896,0.9939447907390917,0.6941176470588235,0.0,1.1764705882352942,21.25,4.988235294117647,2.6876903780684462,0.0,0.027619047619047633,0.9199999999999982,0.9397529411764705,0.03529411764705882,-0.18837332274922314,0.0699462890625,0.63410145,0.14819442,0.5
0.0,130.49267643142477,130.53902850546135,0.9996449178872613,0.45918367346938777,0.0,1.0204081632653061,12.25,4.051020408163265,1.3320309031169524,0.0,0.01443298969072166,0.5399999999999991,0.9521836734693878,0.02040816326530612,-0.16934390661439727,0.11895751953125,0.65924144,0.08867173,0.75
0.0,155.91397849462365,156.8698160836639,0.9939068100358424,0.58,0.0,0.0,23.2,4.008620689655173,0.0,0.0,0.013565217391304379,0.4200000000000017,0.9646724137931033,0.008620689655172414,-0.12962021939830237,0.324462890625,0.5675716,0.15012619,0.4
0.0,97.20372836218375,104.91520551882725,0.9264980026631158,0.6027397260273972,1.36986301369863,0.0,14.6,4.315068493150685,1.4371945961483186,1.4371945961483186,0.051805555555555514,1.3699999999999974,0.9098356164383561,0.0410958904109589,-0.20159504690931904,0.60107421875,0.59073126,0.39308628,0.4
0.0,118.508655126498,126.13378684807256,0.9395472703062583,0.5168539325842697,0.0,0.0,17.8,4.910112359550562,4.2517006802721085,0.0,0.03136363636363631,0.8200000000000003,0.942067415730337,0.0449438202247191,-0.2004626234372457,0.42333984375,0.60058063,0.06453449,0.6
0.0,125.87412587412587,126.85415128532117,0.9922743922743922,0.73,0.0,0.0,15.75,5.341269841269841,2.01355795690986,0.0,0.03279999999999998,0.5800000000000001,0.9250317460317461,0.03968253968253968,-0.20218930210364502,0.060577392578125,0.91744316,0.6886784,1.0
0.0,88.47184986595174,89.46322067594433,0.9889186773905274,0.696969696969697,0.0,0.0,33.0,4.666666666666667,1.3555033435749142,0.0,0.01630769230769244,0.5400000000000027,0.9448030303030304,0.0,-0.1298521851837358,0.11651611328125,0.8925069,0.88219875,1.0
0.0,122.50332889480693,129.15301824988302,0.9485130936529073,0.6521739130434783,0.0,0.0,15.333333333333334,4.5,2.807674309780065,1.4038371548900326,0.031208791208791217,1.3200000000000003,0.9392934782608693,0.010869565217391304,-0.13429330249432644,0.052703857421875,0.8719948,0.34296563,0.8333333333333334
0.0,145.2300586249778,149.09720955681198,0.9740628886125422,0.59,0.0,0.9174311926605505,21.8,4.137614678899083,2.7357286157213205,0.0,0.04796296296296301,0.879999999999999,0.9583119266055045,0.01834862385321101,-0.1790662453487548,0.05279541015625,0.7761018,0.4719386,0.8
0.0,176.49298475968845,191.5787738958471,0.9212554249649801,0.65,0.0,0.0,14.090909090909092,4.348387096774194,7.415952537903758,2.4719841793012525,0.05038961038961044,1.5200000000000031,0.9842064516129032,0.012903225806451613,-0.11944168210117437,0.042694091796875,0.96682256,0.94018817,1.0
0.0,106.85752330226364,109.87130339539978,0.9725699067909455,0.53,0.0,0.0,26.75,3.7289719626168223,4.1073384446878425,0.0,0.0330188679245283,0.7599999999999998,0.9650560747663551,0.028037383177570093,-0.1129743296830427,0.041900634765625,0.9114115,0.7935226,1.0
0.0,142.66666666666666,152.13270142180093,0.9377777777777778,0.66,0.0,0.0,10.7,4.411214953271028,5.687203791469194,4.265402843601896,0.06603773584905667,2.1599999999999966,0.946158878504673,0.018691588785046728,-0.15588605273787567,0.0830078125,0.8253454,0.33078757,0.8
0.0,100.01444653116562,101.42102119699344,0.9861313300810118,0.68,0.0,2.6666666666666665,37.5,4.613333333333333,0.0,0.0,0.006756756756756751,0.17999999999999972,0.9092399999999999,0.04,-0.17227730307595135,0.1761474609375,0.5341588,0.39031145,0.5
0.0,97.20372836218375,100.15549254550443,0.9705281846426985,0.6027397260273972,0.0,0.0,24.333333333333332,4.315068493150685,1.3719930485685539,0.0,0.016388888888888897,0.8799999999999999,0.9488082191780822,0.0410958904109589,-0.14854630213716175,0.306884765625,0.6728421,0.2747459,0.6666666666666666
0.0,119.84021304926765,129.34751365334867,0.9264980026631158,0.6777777777777778,0.0,0.0,15.0,4.9,4.311583788444955,2.874389192296637,0.06300000000000006,3.030000000000001,0.8938351648351645,0.03296703296703297,-0.27399482873052056,0.4560546875,0.7781593,0.11022097,0.8333333333333334
0.0,131.8242343541944,132.53012048192772,0.9946737683089214,0.6868686868686869,0.0,0.0,49.5,4.626262626262626,1.3386880856760375,0.0,0.024693877551020395,0.6400000000000006,0.9039696969696968,0.06060606060606061,-0.270831835315602,0.034942626953125,0.48000506,0.17278035,0.5
0.0,126.49800266311584,127.99784424683374,0.988282290279627,0.5368421052631579,0.0,0.0,13.571428571428571,3.873684210526316,1.3473457289140394,1.3473457289140394,0.02421052631578937,1.2799999999999976,0.9032916666666666,0.052083333333333336,-0.237451948469416,0.4599609375,0.4958728,0.055421293,0.4285714285714285
0.0,97.20372836218375,99.28370659171276,0.9790501553484242,0.8356164383561644,0.0,1.36986301369863,24.333333333333332,5.616438356164384,1.360050775228942,0.0,0.03750000000000014,0.860000000000003,0.91986301369863,0.0410958904109589,-0.2731422360095323,0.08416748046875,0.7667229,0.38464612,0.6666666666666666
0.0,159.78695073235687,159.95734470807784,0.9989347536617843,0.67,0.0,0.0,24.0,4.183333333333334,1.3329778725673154,0.0,0.012100840336134453,0.6600000000000001,0.9326583333333335,0.03333333333333333,-0.24025136950238557,0.427490234375,0.6339797,0.18616293,0.8
0.0,136.8124118476728,154.80370252154486,0.8837799717912552,0.5670103092783505,0.0,0.0,48.5,4.103092783505154,1.5959144589849985,1.5959144589849985,0.027708333333333418,1.9000000000000021,0.9335463917525774,0.05154639175257732,-0.1709856345783919,0.64404296875,0.48613825,0.12168278,0.5
0.0,95.94594594594595,97.31359649122807,0.9859459459459461,0.647887323943662,0.0,0.0,14.2,4.394366197183099,2.7412280701754383,1.3706140350877192,0.06857142857142855,1.8399999999999999,0.9204507042253521,0.04225352112676056,-0.18858949931300417,0.56689453125,0.8701671,0.55364585,1.0
0.0,145.14514514514514,146.9892545786308,0.9874541207874542,0.58,0.0,0.0,14.5,3.682758620689655,4.054875988376022,0.0,0.027241379310344847,0.6799999999999997,0.9964246575342466,0.0,-0.09859128423903726,0.05181884765625,0.9253818,0.821613,1.0
0.0,147.8159998751554,150.17582875220248,0.9842862270402988,0.56,4.72972972972973,0.0,18.5,3.831081081081081,0.0,0.0,0.010748299319727867,0.3799999999999999,0.9551824324324325,0.02702702702702703,-0.10022510000616376,0.436279296875,0.6762003,0.13143772,0.75
0.0,119.76911976911978,121.21507156070489,0.9880711880711882,0.5783132530120482,0.0,1.2048192771084338,27.666666666666668,4.204819277108434,0.0,0.0,0.003902439024390258,0.20000000000000018,0.8964457831325303,0.04819277108433735,-0.17336820422653018,0.0634765625,0.3457115,0.21635166,0.0
0.0,89.21438082556591,107.00596252129472,0.8337328007101641,0.6716417910447762,0.0,0.0,11.166666666666666,4.223880597014926,4.7913117546848385,1.5971039182282794,0.058507462686567174,1.8599999999999994,0.9637058823529411,0.014705882352941176,-0.1456941121090681,0.261962890625,0.9518479,0.88435006,1.0
0.0,143.80825565912116,145.51333872271624,0.988282290279627,0.54,1.8518518518518519,0.0,36.0,4.064814814814815,2.6946914578280787,0.0,0.019813084112149562,0.5599999999999987,0.9340740740740741,0.027777777777777776,-0.148795744433195,0.302734375,0.42737338,0.18848409,0.3333333333333333
0.0,98.876918835408,107.74398559785782,0.9177024433127513,0.6767676767676768,0.0,1.0101010101010102,16.5,5.252525252525253,4.353292347388194,2.176646173694097,0.06979591836734685,2.84,0.9373030303030304,0.050505050505050504,-0.22332616076203426,0.35009765625,0.7432152,0.5951914,1.0
0.0,102.52996005326231,110.74887333397257,0.9257878384376387,0.5844155844155844,0.0,0.0,15.4,3.8051948051948052,1.438297056285358,0.0,0.02421052631578946,0.6399999999999997,0.9647922077922078,0.0,-0.15120283801136025,0.342041015625,0.89492446,0.6095505,1.0
0.0,82.55659121171772,96.34310577022686,0.856901908566356,0.532258064516129,0.0,0.0,31.0,3.9193548387096775,3.107842121620221,3.107842121620221,0.08016393442622967,1.6700000000000017,0.8975645161290323,0.06451612903225806,-0.29551449107627076,0.171630859375,0.28312045,0.2193523,0.0
0.0,121.84832422141189,122.92875233404041,0.9912109405479637,0.6,0.0,0.819672131147541,20.333333333333332,4.409836065573771,1.0076127240495116,1.0076127240495116,0.03636363636363642,2.4400000000000013,0.8839262295081969,0.06557377049180328,-0.2627228255157398,0.64404296875,0.46546248,0.13473405,0.3333333333333333
0.0,111.8508655126498,133.5170075235774,0.8377274744784731,0.7023809523809523,0.0,0.0,12.0,4.321428571428571,7.947440924022465,4.768464554413479,0.1049397590361446,2.789999999999999,0.9551309523809525,0.0,-0.22610262188156377,0.210693359375,0.687791,0.1331003,0.7142857142857143
0.0,123.83488681757656,127.502056484782,0.9712383488681757,0.7096774193548387,0.0,0.0,23.25,4.709677419354839,0.0,0.0,0.004782608695652188,0.22000000000000064,0.9393225806451614,0.03225806451612903,-0.12206068720778661,0.22412109375,0.7403722,0.1832437,0.75
0.0,109.24369747899158,109.28451335699607,0.999626517273576,0.6410256410256411,0.0,0.0,15.6,4.32051282051282,4.203250513730619,0.0,0.04142857142857143,0.6699999999999999,0.9574615384615385,0.01282051282051282,-0.17135499224831766,0.057647705078125,0.75048697,0.5018364,1.0
0.0,123.26869806094183,127.45846858888676,0.9671283471837488,0.7303370786516854,0.0,0.0,14.833333333333334,4.719101123595506,1.4321176245942333,0.0,0.026818181818181828,0.5799999999999996,0.9466179775280898,0.011235955056179775,-0.1399285821639227,0.0423583984375,0.8951793,0.6062008,1.0
0.0,57.37134909596662,66.92083062946139,0.8573018080667593,0.5454545454545454,0.0,0.0,13.75,4.163636363636364,3.6502271252433487,3.6502271252433487,0.13407407407407423,2.980000000000004,0.9135090909090908,0.01818181818181818,-0.26936849237730104,0.060333251953125,0.7294713,0.55544615,1.0
0.0,99.57325746799431,112.56432246998284,0.8845898530109056,0.7142857142857143,0.0,0.0,11.666666666666666,3.9714285714285715,8.040308747855917,1.6080617495711835,0.0860869565217392,2.0599999999999987,0.9869285714285715,0.0,-0.1317787660053649,0.050750732421875,0.96699643,0.943579,1.0
0.0,111.8508655126498,122.41329058583504,0.9137150466045272,0.6190476190476191,0.0,0.0,16.8,4.607142857142857,1.4573010784027982,1.4573010784027982,0.03566265060240967,1.7400000000000002,0.8978928571428572,0.023809523809523808,-0.2718967206935821,0.46240234375,0.30326554,0.05670053,0.2
0.0,143.85614385614383,144.20188263568997,0.9976023976023976,0.7,0.0,0.0,13.090909090909092,4.138888888888889,1.001401962747847,0.0,0.019160839160839122,0.7199999999999989,0.9776319444444445,0.006944444444444444,-0.11402504458592728,0.306640625,0.8917014,0.32947338,0.9
0.0,118.508655126498,151.8944134713847,0.7802041722148246,0.5730337078651685,1.1235955056179776,0.0,17.8,3.865168539325843,5.120036409147799,5.120036409147799,0.10943181818181821,5.119999999999997,0.9268988764044944,0.02247191011235955,-0.21895842930424872,0.0579833984375,0.45710334,0.10902198,0.4
0.0,137.88487282463186,140.74883848045914,0.9796519410977242,0.74,0.0,0.0,20.6,4.747572815533981,1.3664935774801859,0.0,0.017058823529411696,1.0,0.9794660194174757,0.009708737864077669,-0.13663188000541449,0.11749267578125,0.9051691,0.795446,1.0
0.0,138.4820239680426,146.43762320473104,0.9456724367509987,0.54,0.0,0.9615384615384616,14.857142857142858,3.7211538461538463,4.224162207828781,2.8161081385525204,0.04233009708737871,1.3200000000000003,0.9611634615384617,0.009615384615384616,-0.20258666387125226,0.1390380859375,0.9330636,0.8315526,1.0
0.0,101.19840213049268,102.5456508050733,0.9868619618286729,0.868421052631579,0.0,0.0,19.0,5.368421052631579,2.6985697580282446,1.3492848790141223,0.05546666666666671,2.0200000000000014,0.9306973684210529,0.05263157894736842,-0.23488004987288003,0.0718994140625,0.5998124,0.10204986,0.5
0.0,157.78342540535917,160.17849090791253,0.9850475211186107,0.69,0.0,0.0,30.25,5.56198347107438,2.647578362114257,0.0,0.020666666666666625,0.6199999999999974,0.9706611570247934,0.01652892561983471,-0.13425886874889825,0.410400390625,0.8814625,0.6902084,1.0
0.0,131.83589178054402,139.27968486212717,0.9465550694708149,0.66,0.0,0.0,26.4,4.393939393939394,0.0,0.0,0.006315789473684219,0.28000000000000114,0.846402985074627,0.08955223880597014,-0.30662137294112995,0.07769775390625,0.41285175,0.044503447,0.4
0.0,101.19840213049268,106.93180752274645,0.9463826009764758,0.6973684210526315,0.0,2.6315789473684212,12.666666666666666,4.592105263157895,0.0,0.0,0.03440000000000004,0.5,0.9210921052631579,0.039473684210526314,-0.2476462958963984,0.1866455078125,0.7171602,0.1706311,0.75
0.0,141.1451398135819,145.85817814879368,0.96768752774079,0.51,0.0,0.0,17.666666666666668,3.9716981132075473,0.0,0.0,0.01962264150943395,0.3200000000000003,0.9526074766355139,0.028037383177570093,-0.1722766124341008,0.38525390625,0.79711205,0.1473695,0.8333333333333334
0.0,117.85329719775903,133.44390832328108,0.8831673073621897,0.59,0.0,0.847457627118644,13.11111111111111,4.11864406779661,4.523522316043426,1.1308805790108565,0.045641025641025665,1.3200000000000003,0.9128813559322032,0.059322033898305086,-0.22115673276966144,0.2335205078125,0.5650644,0.108614154,0.5555555555555556
0.0,142.15686274509804,147.758152173913,0.962091503267974,0.5287356321839081,0.0,2.2988505747126435,43.5,3.5517241379310347,1.698369565217391,0.0,0.02511627906976741,0.7999999999999998,0.875758620689655,0.08045977011494253,-0.22343750184303834,0.21630859375,0.5044104,0.22112821,0.5
0.0,169.10785619174433,174.49848859576807,0.9691078561917442,0.64,0.0,0.0,42.333333333333336,4.3858267716535435,1.3740038472107723,0.0,0.007142857142857138,0.5999999999999996,0.971787401574803,0.007874015748031496,-0.08611886403745128,0.09783935546875,0.67841905,0.2860415,0.6666666666666666
0.0,103.73095007613843,119.7333772218565,0.8663494881960372,0.3711340206185567,0.0,1.0309278350515463,10.777777777777779,3.4742268041237114,1.2343647136273865,0.0,0.044999999999999964,0.8600000000000003,0.9585876288659794,0.020618556701030927,-0.24346453494928666,0.0784912109375,0.784174,0.2592384,0.7777777777777778
0.0,140.82470258376293,153.7958115183246,0.915660193821233,0.51,2.8368794326241136,0.0,20.142857142857142,4.078014184397163,0.0,0.0,0.023999999999999997,0.45999999999999996,0.9174539007092198,0.06382978723404255,-0.21157795898164522,0.50244140625,0.2431105,0.05393669,0.1666666666666666
0.0,119.84021304926765,130.0452750216742,0.9215268530847758,0.6555555555555556,0.0,3.3333333333333335,9.0,4.988888888888889,2.889895000481649,1.4449475002408245,0.05775280898876397,2.259999999999998,0.9204,0.05555555555555555,-0.2728174641018822,0.63134765625,0.8951547,0.35131392,0.8888888888888888
0.0,110.51930758988016,128.0864197530864,0.8628495339547271,0.5783132530120482,0.0,0.0,27.666666666666668,4.072289156626506,1.5432098765432098,1.5432098765432098,0.01658536585365855,1.1800000000000015,0.9524096385542167,0.0,-0.14836627399859453,0.06494140625,0.6851766,0.17503914,0.6666666666666666
0.0,111.8508655126498,113.42155009451795,0.9861517976031957,0.6428571428571429,1.1904761904761905,0.0,28.0,3.8333333333333335,2.7005130974885225,0.0,0.02819277108433737,0.7800000000000002,0.9278095238095238,0.011904761904761904,-0.19098653031477464,0.174560546875,0.6133392,0.22458223,0.6666666666666666
1.0,74.07407407407406,80.64516129032258,0.9185185185185184,1.0,0.0,0.0,8.0,5.375,0.0,0.0,0.0,0.0,0.797,0.125,-0.3258463541666667,0.0050811767578125,0.9550676,0.9550676,1.0
0.0,140.83588707048315,157.05664218715916,0.8967203494816457,0.68,0.0,0.0,15.428571428571429,4.212962962962963,2.9084563367992438,1.4542281683996219,0.03140186915887855,1.2000000000000028,0.9776574074074075,0.0,-0.12546519118077154,0.54248046875,0.6488995,0.30788186,0.5714285714285714
0.0,123.84583773323831,126.23287547758846,0.9810902054213765,0.7,1.6129032258064515,0.0,24.8,4.459677419354839,3.0540211809093982,0.0,0.026178861788617863,0.9000000000000004,0.9721774193548388,0.008064516129032258,-0.10281385053674896,0.1561279296875,0.6597874,0.23826604,0.6
0.0,125.16644474034621,127.19891745602163,0.9840213049267643,0.6595744680851063,0.0,0.0,31.333333333333332,4.1063829787234045,0.0,0.0,0.025161290322580597,0.4799999999999969,0.9612978723404253,0.031914893617021274,-0.12249180582499412,0.0248870849609375,0.56928724,0.19283673,0.6666666666666666
0.0,174.66666666666666,176.10682918085678,0.9918222222222222,0.52,0.0,0.0,26.2,3.786259541984733,2.6886538806237676,2.6886538806237676,0.02769230769230769,1.3200000000000003,0.95206106870229,0.022900763358778626,-0.1330141955456832,0.4951171875,0.7887252,0.2695403,0.8
0.0,106.5674234647459,129.72539229671898,0.8214846883715394,0.5463917525773195,0.0,1.0309278350515463,19.4,3.3917525773195876,1.3373751783166905,1.3373751783166905,0.04479166666666664,2.3599999999999994,0.9362783505154638,0.041237113402061855,-0.2725125950831782,0.06463623046875,0.79980147,0.46332502,0.8
0.0,127.84086475689116,138.262070082937,0.9246271568204162,0.62,0.0,0.78125,18.285714285714285,3.8984375,8.641379380183562,5.4008621126147265,0.09984374999999994,2.6799999999999997,0.9624651162790697,0.031007751937984496,-0.24379078494169992,0.419921875,0.73045224,0.23123175,0.8571428571428571
0.0,60.92416211070594,88.19556040175969,0.6907849083692695,0.6721311475409836,0.0,3.278688524590164,30.5,3.9836065573770494,2.8916577180904817,2.8916577180904817,0.14533333333333343,6.370000000000001,0.8387868852459018,0.11475409836065574,-0.28737227613443717,0.2130126953125,0.15759924,0.08522515,0.0
0.0,106.66666666666667,108.71534698314912,0.9811555555555556,0.6875,8.75,0.0,20.0,4.175,0.0,0.0,0.02911392405063295,0.26000000000000156,0.9443249999999999,0.025,-0.16834726650147513,0.09942626953125,0.55697244,0.15418455,0.5
0.0,141.82345933967613,151.53671030165054,0.9359016640744072,0.57,0.0,0.0,23.666666666666668,3.915492957746479,0.0,0.0,0.009219858156028365,0.28000000000000025,0.9085915492957746,0.04225352112676056,-0.19877468751511548,0.05487060546875,0.52193254,0.14267215,0.5
0.0,115.84553928095872,119.8897565457051,0.9662671992898357,0.5977011494252874,0.0,2.2988505747126435,14.5,4.379310344827586,1.3780431786862655,1.3780431786862655,0.022790697674418603,1.0000000000000009,0.9353563218390807,0.022988505747126436,-0.19014837521745406,0.2919921875,0.65612584,0.30315363,0.6666666666666666
0.0,103.86151797603196,105.70060529406449,0.98260097647581,0.5641025641025641,0.0,0.0,19.5,4.3076923076923075,2.710271930617038,2.710271930617038,0.053246753246753244,2.16,0.9671794871794871,0.0,-0.14166012594009983,0.0380859375,0.84615564,0.60180855,1.0
0.0,129.16111850865514,141.1388107478902,0.9151353750554815,0.6907216494845361,0.0,0.0,24.25,4.123711340206185,1.4550392860607237,0.0,0.013737373737373732,0.8399999999999999,0.8929000000000002,0.05,-0.18382160999861202,0.1640625,0.4128325,0.059020843,0.5
0.0,122.88512911843276,125.24959157741877,0.9811219946571683,0.6413043478260869,0.0,1.0869565217391304,18.4,4.413043478260869,4.0842258123071336,2.7228172082047557,0.06648351648351654,2.740000000000002,0.9257173913043478,0.043478260869565216,-0.23946785587013172,0.2418212890625,0.5028225,0.09353255,0.6
0.0,108.86448639454012,120.65822381962148,0.9022550054879603,0.57,0.0,0.0,36.333333333333336,3.6605504587155964,2.2139123636627795,2.2139123636627795,0.03564814814814817,2.1400000000000006,0.9188073394495413,0.027522935779816515,-0.1796161374978713,0.0947265625,0.17271711,0.08344338,0.0
0.0,102.87194585906086,111.25775951986336,0.9246271568204162,0.72,0.0,0.0,20.6,4.631067961165049,7.561206957660617,5.4008621126147265,0.11460784313725492,2.1899999999999977,0.967640776699029,0.0,-0.23897995057456833,0.206787109375,0.91272813,0.7079857,1.0
0.0,108.86448639454012,134.9900924702774,0.8064627885080551,0.7,0.0,0.0,15.571428571428571,4.4036697247706424,2.476882430647292,1.238441215323646,0.06092592592592589,2.6999999999999957,0.9478899082568808,0.01834862385321101,-0.21354515769349056,0.048065185546875,0.7694726,0.3555381,0.7142857142857143
0.0,76.89747003994673,136.58940397350995,0.5629826897470039,0.7402597402597403,0.0,0.0,12.833333333333334,5.103896103896104,0.0,0.0,0.019210526315789508,0.5,0.9373766233766233,0.012987012987012988,-0.16711990262100998,0.07318115234375,0.7711563,0.35572886,0.8333333333333334
0.0,119.84021304926765,125.59307842590007,0.9541944074567243,0.5555555555555556,0.0,0.0,12.857142857142858,3.8,2.790957298353335,0.0,0.02898876404494384,1.0,0.944,0.022222222222222223,-0.16598780665472362,0.4404296875,0.79729223,0.18908049,0.8571428571428571
0.0,93.20905459387484,96.46302250803858,0.9662671992898357,0.6428571428571429,0.0,1.4285714285714286,8.75,4.4714285714285715,1.3780431786862655,0.0,0.030555555555555693,0.6199999999999974,0.9400958904109589,0.0410958904109589,-0.1376079375316438,0.43017578125,0.7202245,0.16135693,0.75
0.0,115.84553928095872,117.13490709990126,0.9889924545051042,0.6091954022988506,0.0,0.0,29.0,4.862068965517241,1.3463782425276007,0.0,0.01186046511627907,0.7200000000000006,0.8618390804597702,0.08045977011494253,-0.29086459496120615,0.091796875,0.47113964,0.15388015,0.3333333333333333
0.0,92.68292682926828,108.53008377760854,0.8539837398373983,0.6578947368421053,0.0,1.3157894736842106,19.0,4.7894736842105265,0.0,0.0,0.01706666666666667,0.46000000000000085,0.9345657894736842,0.039473684210526314,-0.15663024455956792,0.058624267578125,0.24812242,0.22163105,0.0
0.0,138.4820239680426,141.44528062380996,0.9790501553484242,0.51,0.0,0.9615384615384616,26.0,4.105769230769231,2.720101550457884,1.360050775228942,0.02557692307692311,1.0200000000000014,0.9247333333333334,0.01904761904761905,-0.13287450364303022,0.4169921875,0.80401486,0.48499113,0.75
0.0,134.3292098105969,150.85542716435125,0.8904499648146589,0.72,0.0,0.970873786407767,51.5,4.495145631067961,1.4646157977121481,1.4646157977121481,0.045882352941176485,3.26,0.9093300970873788,0.05825242718446602,-0.22275055694586676,0.58935546875,0.5290588,0.379791,0.5
0.0,129.16111850865514,130.88063326436986,0.9868619618286729,0.4639175257731959,0.0,0.0,10.777777777777779,4.103092783505154,2.6985697580282446,1.3492848790141223,0.04874999999999996,1.540000000000001,0.9517113402061856,0.020618556701030927,-0.18688616295478175,0.1678466796875,0.9115467,0.73793757,1.0
0.0,138.814913448735,152.2342289719626,0.9118508655126498,0.6,0.0,0.0,9.928571428571429,3.9784172661870505,2.1904205607476634,2.1904205607476634,0.06492753623188421,4.590000000000003,0.9544748201438849,0.007194244604316547,-0.16830487453995352,0.11126708984375,0.5123664,0.05900857,0.5
0.0,146.8172431192422,154.32530795072788,0.9513491018991984,0.7,0.0,0.6802721088435374,21.0,4.074829931972789,4.1993281075028,1.0498320268757,0.033245033112582804,1.1400000000000006,0.935815789473684,0.02631578947368421,-0.17111532477413763,0.05987548828125,0.80465233,0.5288563,1.0
0.0,80.11444921316166,82.28034087569792,0.9736766809728183,0.7321428571428571,0.0,0.0,11.2,5.5,0.0,0.0,0.021818181818181806,0.46000000000000085,0.8810178571428572,0.10714285714285714,-0.3943333945547541,0.09442138671875,0.86205226,0.46029654,0.8
0.0,108.86448639454012,126.32631158317146,0.8617720649816114,0.62,0.0,0.0,21.8,3.908256880733945,4.635827948006292,4.635827948006292,0.1000925925925926,3.75,0.9485504587155963,0.01834862385321101,-0.1671026683870683,0.2247314453125,0.74005914,0.50924385,1.0
0.0,68.40713813615332,75.27272727272728,0.9087904824851288,0.7971014492753623,0.0,0.0,11.5,4.898550724637682,6.545454545454546,5.454545454545455,0.1277941176470589,1.9200000000000017,0.8866521739130435,0.028985507246376812,-0.28861742799932305,0.09747314453125,0.7135593,0.24150473,0.6666666666666666
0.0,143.80825565912116,152.48493975903614,0.943098091433644,0.62,0.0,1.8518518518518519,18.0,4.194444444444445,1.4118975903614457,1.4118975903614457,0.024859813084112184,1.1000000000000005,0.9257037037037036,0.037037037037037035,-0.1699967759190708,0.056182861328125,0.56998146,0.2366006,0.6666666666666666
0.0,127.25631768953068,127.25631768953068,1.0,0.5957446808510638,0.0,1.0638297872340425,31.333333333333332,4.095744680851064,1.3537906137184115,0.0,0.01913978494623656,0.5599999999999996,0.9437553191489361,0.0425531914893617,-0.13797585645182567,0.34228515625,0.7729233,0.41254795,0.6666666666666666
0.0,143.82097285150255,169.27899686520377,0.8496090803635058,0.65,0.0,0.6944444444444444,13.090909090909092,4.305555555555555,5.877742946708464,2.3510971786833856,0.04699300699300706,1.6200000000000045,0.9640902777777778,0.013888888888888888,-0.2180017386255403,0.8837890625,0.9652445,0.93362784,1.0
0.0,164.04199475065616,176.48719879518072,0.9294838145231846,0.42,0.0,0.0,17.857142857142858,4.184,2.8237951807228914,1.4118975903614457,0.03193548387096774,1.2000000000000002,0.8843439999999997,0.048,-0.2677465958850798,0.12017822265625,0.44282287,0.14489795,0.2857142857142857
0.0,76.22243528283796,87.76771914329875,0.8684563758389262,0.49056603773584906,20.754716981132077,3.7735849056603774,53.0,3.7735849056603774,3.3119894016339146,3.3119894016339146,0.1559615384615385,1.9500000000000002,0.9323584905660377,0.03773584905660377,-0.18891663641869266,0.0217742919921875,0.30987668,0.30987668,0.0
0.0,112.97987545968373,115.66277392341819,0.9768041317640295,0.55,0.0,3.5398230088495577,22.6,4.353982300884955,4.094257484014803,1.0235643710037008,0.05124999999999998,1.1000000000000014,0.9410265486725665,0.035398230088495575,-0.18686383178713495,0.08209228515625,0.70169395,0.30533147,0.8
0.0,114.51398135818908,115.70544443447844,0.9897026187305813,0.6162790697674418,0.0,0.0,43.0,4.22093023255814,0.0,0.0,0.011999999999999969,0.43999999999999995,0.9392906976744185,0.023255813953488372,-0.13960609578013003,0.1397705078125,0.3350591,0.2264404,0.0
0.0,142.66666666666666,146.57534246575344,0.9733333333333333,0.59,0.0,0.0,17.833333333333332,4.186915887850467,0.0,0.0,0.017547169811320765,0.4399999999999995,0.9382990654205607,0.028037383177570093,-0.1946633287535722,0.175048828125,0.671011,0.18245573,0.6666666666666666
0.0,129.16111850865514,129.16111850865514,1.0,0.6494845360824743,0.0,0.0,19.4,4.175257731958763,2.663115845539281,0.0,0.023437499999999986,0.6999999999999957,0.9044432989690722,0.05154639175257732,-0.31777388941490886,0.2108154296875,0.5751197,0.19328493,0.6
0.0,79.0,85.3008926000576,0.9261333333333333,0.6329113924050633,0.0,1.2658227848101267,39.5,4.2784810126582276,4.319032536711777,4.319032536711777,0.0951282051282052,1.6300000000000026,0.8845822784810127,0.08860759493670886,-0.30916247971463895,0.45263671875,0.16114943,0.13869286,0.0
0.0,112.63250883392226,115.53098948894527,0.9749116607773851,0.5647058823529412,0.0,0.0,14.166666666666666,3.847058823529412,2.7183762232693005,1.3591881116346503,0.03309523809523805,1.1000000000000014,0.9233176470588237,0.023529411764705882,-0.19183792304791528,0.1990966796875,0.6163216,0.1253153,0.5
0.0,134.66666666666666,135.48560186013233,0.9939555555555556,0.61,0.0,0.0,33.666666666666664,4.188118811881188,1.3414416025755678,0.0,0.010199999999999992,0.6999999999999993,0.9466435643564357,0.019801980198019802,-0.13281599389477045,0.60498046875,0.60768723,0.15874243,0.6666666666666666
0.0,118.48676037124552,124.50851900393184,0.9516357701395826,0.4868421052631579,0.0,0.0,19.0,3.736842105263158,1.63826998689384,0.0,0.02631578947368417,0.52,0.9461948051948051,0.03896103896103896,-0.1694268707623366,0.5712890625,0.42919824,0.2526975,0.5
0.0,113.18242343541944,118.35143414090783,0.9563249001331557,0.6,0.0,0.0,28.333333333333332,4.658823529411765,0.0,0.0,0.00714285714285716,0.28000000000000114,0.9508235294117646,0.023529411764705882,-0.07847310240741195,0.122314453125,0.3658181,0.1522837,0.3333333333333333
0.0,68.27309236947791,86.3236289776574,0.790896921017403,0.6617647058823529,0.0,1.4705882352941178,34.0,4.529411764705882,1.2694651320243737,1.2694651320243737,0.09925373134328364,6.270000000000003,0.8734264705882353,0.08823529411764706,-0.28022041695775707,0.1766357421875,0.25274223,0.12676597,0.0
0.0,120.68311195445919,129.39453125,0.9326755218216318,0.62,0.0,1.8867924528301887,21.2,4.386792452830188,1.220703125,0.0,0.01752380952380957,0.5400000000000027,0.9540471698113207,0.009433962264150943,-0.13531657784433862,0.3037109375,0.73406106,0.22428465,0.8
0.0,110.27457927369355,112.62891261081961,0.9790965456155891,0.6867469879518072,0.0,0.0,16.6,3.9759036144578315,6.7848742536638325,4.070924552198299,0.06097560975609754,1.2200000000000024,0.9349156626506022,0.03614457831325301,-0.24653594218216857,0.08050537109375,0.57884234,0.08190041,0.4
0.0,119.85081070958546,130.9026945274265,0.9155717622334697,0.58,0.0,0.8333333333333334,20.0,3.908333333333333,4.363423150914216,2.181711575457108,0.06605042016806724,3.0200000000000005,0.949875,0.03333333333333333,-0.20569523810894288,0.0308990478515625,0.6576879,0.17470732,0.6666666666666666
0.0,117.84287616511317,125.78169414440023,0.936884154460719,0.55,0.0,0.847457627118644,14.75,3.9661016949152543,3.1978396816372943,1.0659465605457648,0.039075630252100826,2.6400000000000006,0.9468833333333334,0.05,-0.15916260474478552,0.5302734375,0.8344408,0.20559914,0.8571428571428571
0.0,80.69620253164557,85.41759714158107,0.9447257383966243,0.6078431372549019,0.0,1.9607843137254901,12.75,4.803921568627451,1.6748548459133543,1.6748548459133543,0.04119999999999996,1.5399999999999991,0.8871176470588237,0.0392156862745098,-0.226290127237131,0.11669921875,0.6064545,0.23799972,0.5
0.0,101.87318910314764,102.94245966457494,0.9896129297385026,0.72,0.0,0.0,14.571428571428571,4.333333333333333,4.03695920253235,2.018479601266175,0.08455445544554466,1.7599999999999998,0.9541666666666666,0.00980392156862745,-0.2049525348214012,0.0252532958984375,0.8863329,0.7068061,1.0
0.0,123.93162393162395,145.7774798927614,0.8501424501424502,0.632183908045977,0.0,0.0,21.75,4.218390804597701,0.0,0.0,0.0074418604651162856,0.1999999999999993,0.9700689655172411,0.011494252873563218,-0.10617177959587147,0.25341796875,0.72589386,0.4314922,0.75
0.0,113.85827017410618,129.5584901416454,0.8788175136158636,0.7,0.0,0.0,114.0,5.026315789473684,0.0,0.0,0.0023008849557522577,0.2600000000000051,0.9199122807017545,0.06140350877192982,-0.17160940434548935,0.0019159317016601562,0.29347262,0.29347262,0.0
0.0,128.0,135.0590883511536,0.9477333333333334,0.5104166666666666,0.0,1.0416666666666667,24.0,3.90625,1.4068655036578501,1.4068655036578501,0.03463157894736842,1.5700000000000003,0.9434374999999999,0.041666666666666664,-0.18523154845680787,0.05029296875,0.66517967,0.0657045,0.75
0.0,228.09457579972184,241.81657328221763,0.9432545201668985,0.41,0.6097560975609756,37.80487804878049,164.0,3.317073170731707,0.0,0.0,0.013496932515337403,0.4399999999999977,0.9328902439024388,0.042682926829268296,-0.25838252113925086,0.0914306640625,0.09248671,0.09248671,0.0
0.0,125.33333333333333,127.18744362258705,0.9854222222222222,0.6276595744680851,0.0,0.0,23.5,4.1063829787234045,1.3530579108785856,1.3530579108785856,0.01659574468085106,1.1799999999999997,0.9406631578947366,0.031578947368421054,-0.15741623101366642,0.2388916015625,0.82120794,0.5023625,1.0
0.0,146.01769911504422,153.11804008908686,0.9536283185840707,0.57,0.0,0.0,27.5,4.218181818181818,0.0,0.0,0.010091743119266076,0.3799999999999999,0.9562727272727272,0.00909090909090909,-0.13600907540516294,0.11181640625,0.56708723,0.10982595,0.5
0.0,118.29436038514443,121.4574898785425,0.9739569005043559,0.6395348837209303,0.0,0.0,21.5,4.116279069767442,2.8245927878730814,0.0,0.027294117647058844,0.9000000000000004,0.9676627906976744,0.011627906976744186,-0.12333241729592255,0.0562744140625,0.7505667,0.44989586,0.75
0.0,107.85619174434088,113.96679485976925,0.9463826009764758,0.6172839506172839,0.0,1.2345679012345678,13.5,4.135802469135802,4.220992402213676,1.4069974674045587,0.06275000000000011,2.860000000000001,0.9367654320987654,0.012345679012345678,-0.2035657031413836,0.0406494140625,0.70592946,0.32566848,0.6666666666666666
0.0,130.66666666666666,135.73407202216066,0.9626666666666667,0.5510204081632653,0.0,1.0204081632653061,14.0,3.938775510204082,2.770083102493075,0.0,0.023092783505154587,0.759999999999998,0.9375306122448981,0.02040816326530612,-0.27706384022658737,0.68798828125,0.6312253,0.19056113,0.5
0.0,173.10252996005326,175.786532047237,0.9847314691522414,0.65,0.0,0.7692307692307693,21.666666666666668,4.1,2.7044081853421074,0.0,0.01767441860465117,0.7800000000000011,0.9678307692307693,0.007692307692307693,-0.1357634495718501,0.1854248046875,0.88939023,0.7780296,1.0
0.0,117.17709720372837,124.65766361318347,0.9399911229471816,0.5340909090909091,0.0,0.0,17.6,4.3977272727272725,2.8331287184814427,0.0,0.028965517241379305,1.0,0.9620909090909091,0.011363636363636364,-0.21238657680538062,0.164794921875,0.7892034,0.28290287,0.8
0.0,102.52996005326231,113.89409328468592,0.9002219263204616,0.5844155844155844,0.0,1.2987012987012987,38.5,3.844155844155844,0.0,0.0,0.013684210526315743,0.41999999999999993,0.8571038961038963,0.09090909090909091,-0.28917035281586617,0.11260986328125,0.2771933,0.16891243,0.0
0.0,108.38537020517394,113.84932533733134,0.952007136485281,0.6049382716049383,0.0,1.2345679012345678,9.0,4.308641975308642,4.2166416791604195,2.811094452773613,0.06799999999999998,1.6000000000000014,0.9442098765432098,0.024691358024691357,-0.21131993010813818,0.1456298828125,0.71686924,0.16649613,0.875
0.0,102.52996005326231,107.6923076923077,0.9520639147802928,0.7142857142857143,0.0,0.0,19.25,4.103896103896104,0.0,0.0,0.01657894736842105,0.33999999999999986,0.9582337662337661,0.025974025974025976,-0.13383151849974756,0.20458984375,0.91246736,0.82320684,1.0
0.0,128.83962151280437,150.34180179502093,0.8569780325532279,0.63,3.10077519379845,1.550387596899225,32.25,3.992248062015504,6.992641943954461,5.827201619962051,0.09406249999999998,3.010000000000005,0.9524961240310077,0.015503875968992248,-0.11291209745209618,0.1324462890625,0.68256676,0.37957922,0.75
0.0,115.85578368593261,133.9422638600053,0.8649680866005337,0.72,0.0,0.0,23.2,4.827586206896552,2.3093493768966433,1.1546746884483217,0.034956521739130476,1.4400000000000048,0.9359741379310345,0.02586206896551724,-0.2830354629453081,0.07275390625,0.93419015,0.82112545,1.0
0.0,105.5052189191558,108.00541736033279,0.976851175595797,0.5949367088607594,1.2658227848101267,0.0,19.75,4.430379746835443,2.7343143635527287,1.3671571817763644,0.045769230769230736,1.9000000000000004,0.9391518987341774,0.012658227848101266,-0.20332032312648463,0.035888671875,0.2889756,0.10797907,0.0
0.0,122.84708097732509,125.8984176334552,0.9757635027231727,0.61,0.0,2.4390243902439024,17.571428571428573,4.414634146341464,1.0235643710037008,1.0235643710037008,0.03098360655737708,1.6599999999999966,0.9273983739837397,0.04878048780487805,-0.19393880998871918,0.054046630859375,0.66232294,0.36154476,0.8571428571428571
0.0,94.88189181175515,133.5436059409333,0.7104937083526235,0.6736842105263158,3.1578947368421053,0.0,10.555555555555555,3.8105263157894735,11.245777342394385,8.434333006795788,0.1441489361702127,3.330000000000002,0.9490736842105262,0.042105263157894736,-0.19705451410395342,0.185791015625,0.92120963,0.8459666,1.0
0.0,139.8259458278497,157.38976568364424,0.8884055784726305,0.5,0.0,0.7142857142857143,23.333333333333332,4.3428571428571425,2.2484252240520606,2.2484252240520606,0.04273381294964033,3.200000000000003,0.9546142857142859,0.02142857142857143,-0.14388339550294382,0.304443359375,0.67509395,0.18128791,0.6666666666666666
0.0,168.77496671105192,172.1211298207496,0.9805592543275633,0.55,0.0,1.183431952662722,24.142857142857142,4.088757396449704,0.0,0.0,0.007857142857142846,0.41999999999999993,0.9674852071005917,0.023668639053254437,-0.160012422558049,0.6630859375,0.67770493,0.050094627,0.7142857142857143
0.0,146.47137150466045,148.95729890764648,0.9833111407012871,0.48,0.0,0.0,27.5,3.9727272727272727,1.354157262796786,0.0,0.015596330275229319,0.9399999999999977,0.9032090909090907,0.05454545454545454,-0.19869680454724029,0.3701171875,0.67787397,0.5163916,1.0
0.0,157.80356743428752,161.4587491417714,0.9773615135326338,0.61,0.0,0.0,31.6,3.778481012658228,3.0656724520589504,0.0,0.016962025316455704,0.8599999999999994,0.9690503144654089,0.012578616352201259,-0.13507154552197015,0.106201171875,0.7990001,0.37679628,0.8
0.0,131.8242343541944,135.82731180828685,0.9705281846426985,0.6666666666666666,1.0101010101010102,1.0101010101010102,24.75,4.0606060606060606,2.7439860971371077,1.3719930485685539,0.03469387755102043,1.7400000000000002,0.9756767676767677,0.020202020202020204,-0.1331860423724381,0.048675537109375,0.6523733,0.33871666,0.5
0.0,135.83091880419687,138.7502909228871,0.978959524342095,0.65,2.2058823529411766,0.7352941176470589,27.2,4.198529411764706,2.04044545474834,2.04044545474834,0.020444444444444442,1.2199999999999989,0.9339632352941177,0.04411764705882353,-0.193443906957929,0.0413818359375,0.8184363,0.33371794,0.8
0.0,133.83340529237043,143.16239316239316,0.9348363235347665,0.49,0.0,0.0,44.666666666666664,3.544776119402985,0.0,0.0,0.004328358208955241,0.19999999999999973,0.9264444444444445,0.02962962962962963,-0.1932857762589011,0.48583984375,0.42787194,0.06865558,0.3333333333333333
0.0,122.50332889480693,127.71864877371588,0.9591655570350642,0.6086956521739131,0.0,1.0869565217391304,13.142857142857142,4.0,5.552984729291995,0.0,0.03521739130434779,0.6999999999999993,0.9680430107526881,0.021505376344086023,-0.1645282594568161,0.20751953125,0.7615352,0.24929732,0.7142857142857143
0.0,135.81890812250333,151.4251781472684,0.8969374167776297,0.76,0.0,0.0,17.0,4.990196078431373,0.0,0.0,0.028712871287128804,0.3600000000000012,0.9367450980392157,0.00980392156862745,-0.19822075852950072,0.7490234375,0.9712587,0.9497769,1.0
0.0,157.80356743428752,160.67064741754348,0.9821555459610173,0.65,1.2658227848101267,0.6329113924050633,31.6,3.8860759493670884,1.0169028317566042,1.0169028317566042,0.008860759493670897,1.120000000000001,0.9682767295597482,0.018867924528301886,-0.1119098047897102,0.1376953125,0.7978264,0.35076392,0.8
0.0,109.04255319148936,110.49227452389508,0.9868794326241135,0.6341463414634146,0.0,0.0,41.0,4.7439024390243905,1.3474667624865253,0.0,0.03407407407407405,0.879999999999999,0.8988170731707318,0.04878048780487805,-0.301879732034004,0.2249755859375,0.49367276,0.19993585,0.5
0.0,165.11318242343543,165.1718319865021,0.9996449178872613,0.54,0.0,0.0,24.8,3.8548387096774195,1.3320309031169524,0.0,0.020975609756097593,0.5200000000000031,0.9720564516129031,0.008064516129032258,-0.14800023820900363,0.1622314453125,0.5747906,0.2808374,0.6
0.0,125.16644474034621,138.05933614021347,0.9066134043497558,0.46808510638297873,0.0,0.0,15.666666666666666,3.6702127659574466,2.937432683834329,2.937432683834329,0.05489795918367346,2.8200000000000003,0.9173232323232323,0.020202020202020204,-0.18831560208137973,0.343017578125,0.64490104,0.33582953,0.6666666666666666
0.0,125.16644474034621,125.16644474034621,1.0,0.5957446808510638,0.0,0.0,31.333333333333332,4.212765957446808,1.3315579227696406,0.0,0.021720430107526896,0.9399999999999977,0.9408829787234041,0.010638297872340425,-0.17378982833840628,0.1654052734375,0.2915021,0.15778121,0.3333333333333333
0.0,163.51744186046514,166.1966156325544,0.9838794926004228,0.68,1.8181818181818181,0.6060606060606061,41.25,4.351515151515152,0.0,0.0,0.007804878048780499,0.2599999999999998,0.9739999999999999,0.012121212121212121,-0.08818678320756525,0.0469970703125,0.81225324,0.42407694,0.75
0.0,75.90551344940413,91.9453318462789,0.8255504866338256,0.631578947368421,0.0,1.3157894736842106,25.333333333333332,3.710526315789474,3.629420993932062,3.629420993932062,0.0861333333333334,2.1400000000000006,0.9121710526315792,0.07894736842105263,-0.22769002512329184,0.14013671875,0.14929368,0.086497955,0.0
0.0,133.15579227696404,136.30168105406634,0.9769196626719929,0.62,0.0,0.0,20.0,4.09,2.7260336210813265,0.0,0.02202020202020197,0.6399999999999988,0.9336399999999999,0.02,-0.1650898445955923,0.43701171875,0.45785204,0.068991266,0.4
0.0,143.80825565912116,145.7227669335252,0.9868619618286729,0.54,0.0,0.0,27.0,4.064814814814815,0.0,0.0,0.010841121495327108,0.28000000000000114,0.9621481481481482,0.018518518518518517,-0.14684257954558536,0.099853515625,0.74377346,0.5516204,1.0
0.0,115.84553928095872,125.28801843317972,0.9246338215712383,0.6781609195402298,0.0,0.0,43.5,4.0344827586206895,0.0,0.0,0.0027906976744186073,0.14000000000000057,0.9262873563218391,0.022988505747126436,-0.13069980545273793,0.34619140625,0.189318,0.18075317,0.0
0.0,108.98058783279227,115.9245604083948,0.9400992114946191,0.54,0.0,0.9174311926605505,7.785714285714286,4.220183486238532,6.38116846284742,3.19058423142371,0.09999999999999996,1.620000000000001,0.9750091743119266,0.009174311926605505,-0.19477953658829136,0.037353515625,0.8252131,0.12700365,0.8571428571428571
0.0,125.16644474034621,126.55955479759447,0.9889924545051042,0.5531914893617021,0.0,1.0638297872340425,31.333333333333332,4.01063829787234,1.3463782425276007,1.3463782425276007,0.03032258064516122,1.0599999999999987,0.9592127659574468,0.010638297872340425,-0.12087586391293563,0.427001953125,0.46645314,0.45168674,0.0
0.0,129.83837826871758,132.12570999041878,0.9826882162308376,0.6,0.0,0.0,26.0,4.184615384615385,1.0163516153109138,1.0163516153109138,0.021705426356589147,1.8599999999999994,0.8925384615384615,0.05384615384615385,-0.26420111472526553,0.2237548828125,0.51064664,0.09554762,0.4
0.0,142.47669773635153,143.34196659819597,0.9939636040834442,0.64,0.0,0.0,17.833333333333332,3.9813084112149535,0.0,0.0,0.028867924528301985,0.480000000000004,0.9688504672897197,0.018691588785046728,-0.11422404646651378,0.2254638671875,0.65405124,0.22739892,0.5
0.0,97.506678539626,103.14619442351169,0.9453250222617987,0.684931506849315,0.0,0.0,14.6,4.095890410958904,4.2388847023360965,1.4129615674453655,0.05698630136986302,1.4200000000000008,0.9635675675675676,0.013513513513513514,-0.1779951717617366,0.22216796875,0.79376554,0.09787788,0.8
0.0,162.45006657789614,163.9050604567846,0.9911229471815356,0.43,0.0,0.0,30.5,3.69672131147541,2.6869682042095837,0.0,0.019672131147541017,0.9000000000000004,0.9727560975609757,0.024390243902439025,-0.11797564138822696,0.1337890625,0.6560632,0.2241707,0.75
0.0,121.96601941747572,128.51662404092073,0.9490291262135923,0.6865671641791045,0.0,1.492537313432836,16.75,4.7611940298507465,3.8363171355498724,1.9181585677749362,0.04272727272727276,1.0199999999999996,0.9695373134328359,0.014925373134328358,-0.18662798704469905,0.041046142578125,0.85752916,0.5579768,1.0
0.0,71.96162046908316,108.34670947030499,0.664179104477612,0.9166666666666666,0.0,0.0,18.0,5.166666666666667,6.019261637239166,3.009630818619583,0.31485714285714284,10.079999999999998,0.9301111111111111,0.05555555555555555,-0.21791888297872342,0.004634857177734375,0.5761428,0.17622235,0.5
0.0,117.17709720372837,118.822576289495,0.9861517976031957,0.7727272727272727,0.0,0.0,17.6,4.920454545454546,2.7005130974885225,0.0,0.035632183908046025,0.9399999999999977,0.9710681818181819,0.011363636363636364,-0.15829687428474426,0.06500244140625,0.92064446,0.74917066,1.0
0.0,80.68644605240034,125.32552083333334,0.6438149669427892,0.5714285714285714,0.0,0.0,15.4,4.103896103896104,11.393229166666668,4.8828125,0.14263157894736833,3.469999999999999,0.9274285714285713,0.03896103896103896,-0.20148300865988308,0.03973388671875,0.5067713,0.07092713,0.4
0.0,92.88437829992873,99.4250319890686,0.934215221677183,0.6774193548387096,0.0,0.0,93.0,4.258064516129032,4.276345461895423,4.276345461895423,0.08097826086956521,1.9799999999999969,0.9526344086021505,0.03225806451612903,-0.2262287896569219,0.10626220703125,0.7353567,0.7353567,1.0
0.0,90.9090909090909,114.72602739726028,0.7924016282225237,0.5671641791044776,0.0,0.0,33.5,3.716417910447761,1.7123287671232879,1.7123287671232879,0.10772727272727267,7.009999999999998,0.8901044776119402,0.08955223880597014,-0.2363281206926331,0.12005615234375,0.2558128,0.082073964,0.0
0.0,133.72631653425964,146.76939877449493,0.9111321409698253,0.6825396825396826,0.0,0.0,21.0,3.984126984126984,6.989018989261663,2.3296729964205545,0.05161290322580644,1.4399999999999995,0.9876507936507937,0.0,-0.14935065322108082,0.005161285400390625,0.96405363,0.951139,1.0
0.0,101.19840213049268,108.80977379020712,0.9300488237905016,0.5394736842105263,1.3157894736842106,1.3157894736842106,25.333333333333332,4.473684210526316,1.4317075498711462,1.4317075498711462,0.061999999999999944,3.4700000000000006,0.9339605263157894,0.013157894736842105,-0.22068740204936446,0.064208984375,0.40400597,0.2933886,0.3333333333333333
0.0,123.78303198887345,134.4681708299758,0.9205377839592027,0.6292134831460674,3.3707865168539324,0.0,22.25,4.0,1.5108783239323125,0.0,0.015454545454545478,0.6199999999999992,0.9813595505617977,0.011235955056179775,-0.10799865324521865,0.405517578125,0.59677535,0.20761317,0.5
0.0,78.90178371714376,113.59279141104294,0.6946020318457753,0.5822784810126582,1.2658227848101267,0.0,6.076923076923077,3.5063291139240507,20.130368098159508,10.065184049079754,0.3071794871794871,5.35,0.5230632911392405,0.5063291139240507,-0.6604112805558512,0.1302490234375,0.888423,0.290468,0.9166666666666666
0.0,64.13549060474205,87.71088957055214,0.7312146863264142,0.7213114754098361,0.0,1.639344262295082,5.545454545454546,4.344262295081967,10.065184049079754,5.751533742331288,0.16460317460317456,1.6599999999999966,0.9042187500000001,0.0625,-0.19535512492357554,0.03955078125,0.7559479,0.16728075,0.6666666666666666
0.0,149.33333333333334,152.53313964045762,0.9790222222222221,0.61,0.0,0.0,56.0,4.428571428571429,0.0,0.0,0.011171171171171173,0.35999999999999943,0.9384642857142858,0.026785714285714284,-0.14901754800680603,0.359375,0.5255801,0.29035017,0.5
0.0,123.84583773323831,143.16502463054186,0.8650565181882969,0.57,0.0,0.0,12.4,3.9919354838709675,5.772783251231527,3.463669950738916,0.08186991869918697,1.8900000000000006,0.9656209677419356,0.016129032258064516,-0.160085522675162,0.07763671875,0.8381942,0.24688604,0.9
0.0,97.20372836218375,103.69318181818181,0.9374167776298269,0.726027397260274,0.0,0.0,36.5,4.287671232876712,1.4204545454545454,1.4204545454545454,0.0336986301369863,2.0,0.9042027027027025,0.06756756756756757,-0.1816127199679613,0.096923828125,0.4387659,0.19996868,0.5
0.0,116.98265842681671,130.48245614035088,0.8965393654223265,0.68,0.0,0.0,17.0,4.512605042016807,1.0964912280701753,1.0964912280701753,0.03381355932203391,2.5900000000000034,0.9266806722689075,0.03361344537815126,-0.22808773052085746,0.32373046875,0.867181,0.24716094,0.8571428571428571
0.0,111.8508655126498,113.66711772665764,0.9840213049267643,0.6904761904761905,0.0,1.1904761904761905,28.0,4.25,2.706359945872801,0.0,0.02650602409638556,0.6400000000000006,0.948738095238095,0.023809523809523808,-0.20596655576830827,0.1275634765625,0.6751469,0.08320138,0.6666666666666666
0.0,131.8242343541944,132.0586927523344,0.998224589436307,0.6060606060606061,2.0202020202020203,0.0,24.75,4.262626262626263,0.0,0.0,0.016122448979591857,0.28000000000000114,0.92010101010101,0.030303030303030304,-0.15324718986700708,0.3291015625,0.114541404,0.09447562,0.0
0.0,125.84335124506474,127.64515996272796,0.9858842378497599,0.61,0.0,0.7936507936507936,15.75,4.031746031746032,3.0391704753030466,2.026113650202031,0.03279999999999997,1.6600000000000001,0.9242619047619047,0.023809523809523808,-0.20125804073974804,0.371826171875,0.6755131,0.2993789,0.625
0.0,177.51681006920305,179.94376757263353,0.9865126892908316,0.6,0.0,0.0,25.571428571428573,3.910614525139665,5.026362222699261,1.0052724445398522,0.028988764044943872,1.2800000000000011,0.9749050279329607,0.0111731843575419,-0.10694274521106097,0.87158203125,0.7006658,0.1282337,0.7142857142857143
0.0,186.2980769230769,199.19465387251543,0.9352564102564103,0.7,0.0,0.0,15.5,3.935483870967742,3.8553803975325565,1.2851267991775188,0.03415584415584412,1.2599999999999998,0.9817225806451612,0.0064516129032258064,-0.1113972223434302,0.46826171875,0.9792715,0.9694939,1.0
0.0,141.1451398135819,143.3336338231317,0.9847314691522414,0.55,0.0,0.0,26.5,4.59433962264151,1.3522040926710537,1.3522040926710537,0.02457142857142857,1.2200000000000006,0.9087641509433961,0.05660377358490566,-0.13979898587955783,0.1727294921875,0.4393527,0.16564555,0.5
0.0,117.17709720372837,125.0355214549588,0.937150466045273,0.4659090909090909,0.0,2.272727272727273,14.666666666666666,3.852272727272727,2.841716396703609,2.841716396703609,0.052954545454545414,1.759999999999998,0.9049662921348314,0.033707865168539325,-0.2212094942492152,0.376953125,0.70078063,0.16243581,0.6666666666666666
0.0,135.81890812250333,141.70602945262573,0.9584553928095872,0.6,0.0,0.0,17.0,3.9313725490196076,1.3892747985551541,0.0,0.01742574257425744,0.5199999999999996,0.948607843137255,0.0392156862745098,-0.17423163821527915,0.31591796875,0.76602244,0.5174962,1.0
0.0,98.98107714701602,99.32807478819748,0.9965065502183407,0.6911764705882353,0.0,0.0,22.666666666666668,4.764705882352941,0.0,0.0,0.0352941176470588,0.40000000000000036,0.9494782608695651,0.014492753623188406,-0.17999196040864085,0.11468505859375,0.16757344,0.067418806,0.0
0.0,113.18242343541944,116.96174662874965,0.96768752774079,0.4823529411764706,0.0,1.1764705882352942,12.142857142857142,4.447058823529412,5.504082194294101,2.7520410971470506,0.06904761904761908,1.7599999999999998,0.9502117647058823,0.023529411764705882,-0.19746491005293026,0.2269287109375,0.7049726,0.3583519,0.7142857142857143
